
> farmos-mobile@0.1.0 ios
> expo run:ios

2026-05-04T12:37:09.594Z expo:telemetry Switching strategy from detached to instant
2026-05-04T12:37:09.642Z expo:telemetry Recording 1 event(s)
2026-05-04T12:37:09.805Z expo:env Loaded environment variables from: /Users/weerachaipanthueng/Projects/Business/Farm-Project/mobile/.env
2026-05-04T12:37:09.805Z expo:env /Users/weerachaipanthueng/Projects/Business/Farm-Project/mobile/.env.development does not exist, skipping this env file
2026-05-04T12:37:09.805Z expo:env /Users/weerachaipanthueng/Projects/Business/Farm-Project/mobile/.env.local does not exist, skipping this env file
2026-05-04T12:37:09.805Z expo:env /Users/weerachaipanthueng/Projects/Business/Farm-Project/mobile/.env.development.local does not exist, skipping this env file
env: load .env
env: export EXPO_PUBLIC_API_URL
Resolved port: 8081, start dev server: true
2026-05-04T12:37:10.309Z expo:doctor:apple:xcode Xcode version: 26.4.0
2026-05-04T12:37:10.394Z expo:doctor:apple:simulatorApp Simulator app id: com.apple.iphonesimulator
2026-05-04T12:37:10.780Z expo:start:platforms:ios:xcrun Running: xcrun simctl list devices --json 
2026-05-04T12:37:10.964Z expo:start:platforms:ios:getBestSimulator First booted simulator: iPhone 17 (26.4)
Resolved default device (name: iPhone 17, udid: 7C6B9B8E-A966-40BD-A38A-A484B1EE8605, osType: iOS)
2026-05-04T12:37:11.009Z expo:prebuild-config:expo-splash-screen:ios config: {
  backgroundColor: '#fafaf7',
  image: './assets/splash-icon.png',
  imageWidth: 200,
  resizeMode: 'contain',
  dark: {}
}
2026-05-04T12:37:11.025Z expo:prebuild-config:expo-splash-screen:ios config: {
  backgroundColor: '#fafaf7',
  image: './assets/splash-icon.png',
  imageWidth: 200,
  resizeMode: 'contain',
  dark: {}
}
  xcodebuild -workspace /Users/weerachaipanthueng/Projects/Business/Farm-Project/mobile/ios/FarmOS.xcworkspace -configuration Debug -scheme FarmOS -destination id=7C6B9B8E-A966-40BD-A38A-A484B1EE8605
› Planning build
⚠️  Script has ambiguous dependencies causing it to run on every build.
   To fix, go to: Xcode » Pods/hermes-engine » Build Phases » '[CP-User] [Hermes] Replace Hermes for the right configuration, if needed'
   Either: Uncheck "Based on dependency analysis", or select output files to trigger the script

› Executing react-native Pods/hermes-engine » [CP-User] [Hermes] Replace Hermes for the right configuration, if needed
› Executing react-native Pods/ReactNativeDependencies » [CP-User] [RNDeps] Replace React Native Dependencies for the right configuration, if needed
› Executing react-native Pods/React-Core-prebuilt » [CP-User] [RNDeps] Replace React Native Core for the right configuration, if needed
› Preparing Pods/React-Core-React-Core_privacy » ResourceBundle-React-Core_privacy-React-Core-Info.plist
› Preparing Pods/React-cxxreact-React-cxxreact_privacy » ResourceBundle-React-cxxreact_privacy-React-cxxreact-Info.plist
› Executing react-native Pods/React-RCTFBReactNativeSpec » [CP-User] [RN]Check FBReactNativeSpec
› Preparing Pods/ExpoDevice-ExpoDevice_privacy » ResourceBundle-ExpoDevice_privacy-ExpoDevice-Info.plist
› Preparing Pods/ExpoSystemUI-ExpoSystemUI_privacy » ResourceBundle-ExpoSystemUI_privacy-ExpoSystemUI-Info.plist
› Preparing Pods/RNSVG-RNSVGFilters » ResourceBundle-RNSVGFilters-RNSVG-Info.plist
› Preparing Pods/ExpoFileSystem-ExpoFileSystem_privacy » ResourceBundle-ExpoFileSystem_privacy-ExpoFileSystem-Info.plist
› Preparing Pods/ExpoLocalization-ExpoLocalization_privacy » ResourceBundle-ExpoLocalization_privacy-ExpoLocalization-Info.plist
› Preparing expo-constants Pods/EXConstants-EXConstants » ResourceBundle-EXConstants-EXConstants-Info.plist
› Preparing Pods/EXConstants-ExpoConstants_privacy » ResourceBundle-ExpoConstants_privacy-EXConstants-Info.plist
› Executing expo-constants Pods/EXConstants » [CP-User] Generate app.config for prebuilt Constants.manifest
› Executing FarmOS » [Expo] Configure project
› Preparing FarmOS » Info.plist
› Executing FarmOS » Bundle React Native code and images
› Executing FarmOS » [CP] Copy Pods Resources
› Signing   FarmOS » FarmOS.debug.dylib
› Signing   FarmOS » __preview.dylib
› Signing   FarmOS » FarmOS.app
› Build Succeeded
Exited with code: 0
2026-05-04T12:37:24.634Z expo:run:ios Binary path: /Users/weerachaipanthueng/Library/Developer/Xcode/DerivedData/FarmOS-dbqzzemqpnbznsewvfrwaiqsdess/Build/Products/Debug-iphonesimulator/FarmOS.app

› 0 error(s), and 1 warning(s)

Parse plist: /Users/weerachaipanthueng/Library/Developer/Xcode/DerivedData/FarmOS-dbqzzemqpnbznsewvfrwaiqsdess/Build/Products/Debug-iphonesimulator/FarmOS.app/Info.plist
2026-05-04T12:37:24.641Z expo:start:platforms:ios:xcrun Running: xcrun simctl terminate 7C6B9B8E-A966-40BD-A38A-A484B1EE8605 com.farmos.mobile
2026-05-04T12:37:24.924Z expo:utils:scheme ios application Info.plist path: FarmOS/Info.plist
2026-05-04T12:37:24.927Z expo:utils:scheme ios application schemes: [ 'farmos', 'com.farmos.mobile' ]
2026-05-04T12:37:24.928Z expo:utils:fileNotifier Observing /Users/weerachaipanthueng/Projects/Business/Farm-Project/mobile/babel.config.js
2026-05-04T12:37:24.933Z expo:prebuild-config:expo-splash-screen:ios config: {
  backgroundColor: '#fafaf7',
  image: './assets/splash-icon.png',
  imageWidth: 200,
  resizeMode: 'contain',
  dark: {}
}
2026-05-04T12:37:24.935Z expo:start:server:devServer Stopping dev server (bundler: metro)
2026-05-04T12:37:24.935Z expo:start:server:devServer Stopped dev server (bundler: metro)
2026-05-04T12:37:24.937Z expo:prebuild-config:expo-splash-screen:ios config: {
  backgroundColor: '#fafaf7',
  image: './assets/splash-icon.png',
  imageWidth: 200,
  resizeMode: 'contain',
  dark: {}
}
Using src/app as the root directory for Expo Router.
2026-05-04T12:37:25.294Z expo:metro:config react-native-reanimated package.json: /Users/weerachaipanthueng/Projects/Business/Farm-Project/mobile/node_modules/react-native-reanimated/package.json
2026-05-04T12:37:25.295Z expo:metro:config react-native-worklets package.json: /Users/weerachaipanthueng/Projects/Business/Farm-Project/mobile/node_modules/react-native-worklets/package.json
2026-05-04T12:37:25.516Z expo:prebuild-config:expo-splash-screen:ios config: {
  backgroundColor: '#fafaf7',
  image: './assets/splash-icon.png',
  imageWidth: 200,
  resizeMode: 'contain',
  dark: {}
}
2026-05-04T12:37:25.522Z expo:metro:config react-native-reanimated package.json: /Users/weerachaipanthueng/Projects/Business/Farm-Project/mobile/node_modules/react-native-reanimated/package.json
2026-05-04T12:37:25.523Z expo:metro:config react-native-worklets package.json: /Users/weerachaipanthueng/Projects/Business/Farm-Project/mobile/node_modules/react-native-worklets/package.json

Expo Metro config:
- Version: 54.0.15
- Extensions: ts, tsx, mjs, js, jsx, json, cjs, scss, sass, css
- React Native: /Users/weerachaipanthueng/Projects/Business/Farm-Project/mobile/node_modules/react-native
- Watch Folders: 
- Node Module Paths: 
- Sass: null
- Reanimated: 4.1.7
- Worklets: 0.5.1
- Babel Runtime: null


Expo Metro config:
- Version: 54.0.15
- Extensions: ts, tsx, mjs, js, jsx, json, cjs, scss, sass, css
- React Native: /Users/weerachaipanthueng/Projects/Business/Farm-Project/mobile/node_modules/react-native
- Watch Folders: 
- Node Module Paths: 
- Sass: null
- Reanimated: 4.1.7
- Worklets: 0.5.1
- Babel Runtime: null

2026-05-04T12:37:25.538Z expo:metro:withMetroResolvers Appending 8 custom resolvers to Metro config. (has custom resolver: true)
2026-05-04T12:37:25.538Z expo:metro:withMetroSupervisingTransformWorker Detected customized "transformerPath"
2026-05-04T12:37:25.538Z expo:metro:withMetroSupervisingTransformWorker Applying transform worker supervisor to "transformerPath"
2026-05-04T12:37:25.545Z expo:start:server:urlCreator URL: http://127.0.0.1:8081
Starting Metro Bundler
2026-05-04T12:37:25.690Z expo:prebuild-config:expo-splash-screen:ios config: {
  backgroundColor: '#fafaf7',
  image: './assets/splash-icon.png',
  imageWidth: 200,
  resizeMode: 'contain',
  dark: {}
}
2026-05-04T12:37:25.695Z expo:start:server:middleware:serveStatic Serving static files from: /Users/weerachaipanthueng/Projects/Business/Farm-Project/mobile/public
2026-05-04T12:37:25.826Z expo:start:server:urlCreator URL: http://192.168.1.124:8081
2026-05-04T12:37:25.826Z expo:start:server:urlCreator Dev client URL: com.farmos.mobile://expo-development-client/?url=http%3A%2F%2F192.168.1.124%3A8081 -- manifestUrl: http://192.168.1.124:8081 -- {}
2026-05-04T12:37:25.828Z expo:prebuild-config:expo-splash-screen:ios config: {
  backgroundColor: '#fafaf7',
  image: './assets/splash-icon.png',
  imageWidth: 200,
  resizeMode: 'contain',
  dark: {}
}
2026-05-04T12:37:25.830Z expo:start:server:developmentSession Development session will not ping because the user is not authenticated and there are no devices.
2026-05-04T12:37:25.830Z expo:utils:fileNotifier Observing /Users/weerachaipanthueng/Projects/Business/Farm-Project/mobile/metro.config.js
Waiting on http://localhost:8081
2026-05-04T12:37:25.831Z expo:start:server:metro:waitForTypescript Watching file changes: [
  '/Users/weerachaipanthueng/Projects/Business/Farm-Project/mobile/.env.development.local',
  '/Users/weerachaipanthueng/Projects/Business/Farm-Project/mobile/.env.local',
  '/Users/weerachaipanthueng/Projects/Business/Farm-Project/mobile/.env.development',
  '/Users/weerachaipanthueng/Projects/Business/Farm-Project/mobile/.env'
]
2026-05-04T12:37:25.831Z expo:doctor:typescriptSupport Ensuring TypeScript support is setup
2026-05-04T12:37:25.834Z expo:prebuild-config:expo-splash-screen:ios config: {
  backgroundColor: '#fafaf7',
  image: './assets/splash-icon.png',
  imageWidth: 200,
  resizeMode: 'contain',
  dark: {}
}
2026-05-04T12:37:25.835Z expo:doctor:dependencies:getMissingPackages Required package "typescript" found (no version constraint specified).
2026-05-04T12:37:25.835Z expo:doctor:dependencies:getMissingPackages Required package "@types/react" found (no version constraint specified).
2026-05-04T12:37:25.838Z expo:prebuild-config:expo-splash-screen:ios config: {
  backgroundColor: '#fafaf7',
  image: './assets/splash-icon.png',
  imageWidth: 200,
  resizeMode: 'contain',
  dark: {}
}
2026-05-04T12:37:25.839Z expo:typed-routes Ensuring typed routes side-effects are setup (experiments.typedRoutes: true, typesDirectory: /Users/weerachaipanthueng/Projects/Business/Farm-Project/mobile/.expo/types)
› Installing /Users/weerachaipanthueng/Library/Developer/Xcode/DerivedData/FarmOS-dbqzzemqpnbznsewvfrwaiqsdess/Build/Products/Debug-iphonesimulator/FarmOS.app
2026-05-04T12:37:25.839Z expo:start:platforms:ios:xcrun Running: xcrun simctl boot 7C6B9B8E-A966-40BD-A38A-A484B1EE8605
› Installing on iPhone 17
2026-05-04T12:37:25.852Z expo:start:server:metro:metroWatchTypeScriptFiles Waiting for TypeScript files to be added to the project...
 INFO  Connection established to app='host.exp.exponent' on device='sdk_gphone16k_arm64 - 17 - API 37'.
2026-05-04T12:37:26.127Z expo:start:platforms:ios:xcrun Running: xcrun simctl list devices --json 
2026-05-04T12:37:26.348Z expo:start:platforms:ios:xcrun Running: xcrun simctl install 7C6B9B8E-A966-40BD-A38A-A484B1EE8605 /Users/weerachaipanthueng/Library/Developer/Xcode/DerivedData/FarmOS-dbqzzemqpnbznsewvfrwaiqsdess/Build/Products/Debug-iphonesimulator/FarmOS.app
2026-05-04T12:37:27.577Z expo:start:platforms:ios:AppleDeviceManager getApplicationIdFromBundle: /Users/weerachaipanthueng/Library/Developer/Xcode/DerivedData/FarmOS-dbqzzemqpnbznsewvfrwaiqsdess/Build/Products/Debug-iphonesimulator/FarmOS.app
Parse plist: /Users/weerachaipanthueng/Library/Developer/Xcode/DerivedData/FarmOS-dbqzzemqpnbznsewvfrwaiqsdess/Build/Products/Debug-iphonesimulator/FarmOS.app/Info.plist
2026-05-04T12:37:27.581Z expo:start:platforms:ios:AppleDeviceManager getApplicationIdFromBundle: using built Info.plist com.farmos.mobile
2026-05-04T12:37:27.581Z expo:start:platforms:ios:xcrun Running: xcrun simctl get_app_container 7C6B9B8E-A966-40BD-A38A-A484B1EE8605 com.farmos.mobile
› Opening on iPhone 17 (com.farmos.mobile)
2026-05-04T12:37:27.831Z expo:start:platforms:ios:xcrun Running: xcrun simctl get_app_container 7C6B9B8E-A966-40BD-A38A-A484B1EE8605 com.farmos.mobile
2026-05-04T12:37:28.075Z expo:start:server:devServer Creating platform manager (platform: simulator, port: 8081)
2026-05-04T12:37:28.077Z expo:start:platforms:platformManager open (runtime: custom, platform: ios, device: {
  lastBootedAt: '2026-05-04T11:50:35Z',
  dataPath: '/Users/weerachaipanthueng/Library/Developer/CoreSimulator/Devices/7C6B9B8E-A966-40BD-A38A-A484B1EE8605/data',
  dataPathSize: 3159973888,
  logPath: '/Users/weerachaipanthueng/Library/Logs/CoreSimulator/7C6B9B8E-A966-40BD-A38A-A484B1EE8605',
  udid: '7C6B9B8E-A966-40BD-A38A-A484B1EE8605',
  isAvailable: true,
  logPathSize: 638976,
  deviceTypeIdentifier: 'com.apple.CoreSimulator.SimDeviceType.iPhone-17',
  state: 'Booted',
  name: 'iPhone 17',
  runtime: 'com.apple.CoreSimulator.SimRuntime.iOS-26-4',
  osVersion: '26.4',
  windowName: 'iPhone 17 (26.4)',
  osType: 'iOS'
}, shouldPrompt: undefined)
2026-05-04T12:37:28.077Z expo:start:platforms:platformManager open custom (applicationId: com.farmos.mobile)
2026-05-04T12:37:28.154Z expo:start:server:urlCreator URL: http://192.168.1.124:8081
2026-05-04T12:37:28.155Z expo:start:server:urlCreator Dev client URL: com.farmos.mobile://expo-development-client/?url=http%3A%2F%2F192.168.1.124%3A8081 -- manifestUrl: http://192.168.1.124:8081 -- { scheme: undefined }
2026-05-04T12:37:28.155Z expo:start:platforms:platformManager Opening project in custom runtime: com.farmos.mobile://expo-development-client/?url=http%3A%2F%2F192.168.1.124%3A8081 -- { applicationId: 'com.farmos.mobile' }
2026-05-04T12:37:28.155Z expo:start:platforms:ios:xcrun Running: xcrun simctl boot 7C6B9B8E-A966-40BD-A38A-A484B1EE8605
2026-05-04T12:37:28.373Z expo:start:platforms:ios:xcrun Running: xcrun simctl list devices --json 
2026-05-04T12:37:28.680Z expo:start:platforms:ios:xcrun Running: xcrun simctl get_app_container 7C6B9B8E-A966-40BD-A38A-A484B1EE8605 com.farmos.mobile
› Opening com.farmos.mobile://expo-development-client/?url=http%3A%2F%2F192.168.1.124%3A8081 on iPhone 17
2026-05-04T12:37:30.049Z expo:simctl Rewriting simulator permissions to support deep linking: {
  url: 'com.farmos.mobile://expo-development-client/?url=http%3A%2F%2F192.168.1.124%3A8081',
  appId: 'com.farmos.mobile',
  udid: '7C6B9B8E-A966-40BD-A38A-A484B1EE8605'
}
Parse plist: /Users/weerachaipanthueng/Library/Developer/CoreSimulator/Devices/7C6B9B8E-A966-40BD-A38A-A484B1EE8605/data/Library/Preferences/com.apple.launchservices.schemeapproval.plist
2026-05-04T12:37:30.060Z expo:simctl Allowed links: {
  'com.apple.CoreSimulator.CoreSimulatorBridge-->exp': 'host.exp.Exponent',
  'com.apple.CoreSimulator.CoreSimulatorBridge-->com.farmos.mobile': 'com.farmos.mobile'
}
2026-05-04T12:37:30.060Z expo:simctl Allowing deep link: {
  key: 'com.apple.CoreSimulator.CoreSimulatorBridge-->com.farmos.mobile',
  appId: 'com.farmos.mobile'
}
2026-05-04T12:37:30.079Z expo:start:platforms:ios:xcrun Running: xcrun simctl openurl 7C6B9B8E-A966-40BD-A38A-A484B1EE8605 com.farmos.mobile://expo-development-client/?url=http%3A%2F%2F192.168.1.124%3A8081

› Logs for your project will appear below.
[libxpc.dylib] [0x104148270] activating connection: mach=true listener=false
peer=false name=com.apple.cfprefsd.daemon
[libMobileGestalt.dylib] No persisted cache on this platform.
[BoardServices] [C:1] Alloc com.apple.frontboard.systemappservices
[libxpc.dylib] [0x104153520] activating connection: mach=false listener=false
peer=false name=(anonymous)
[UIKitCore] Creating new assertion because there is no existing background
assertion.
[UIKitCore] Creating new background assertion
[UIKitCore] Created new background assertion <BKSProcessAssertion: 0x1041552a0>
[RunningBoardServices] Initializing connection
[RunningBoardServices] Removing all cached process handles
[RunningBoardServices] Creating connection to com.apple.runningboard
[libxpc.dylib] [0x1069ec280] activating connection: mach=true listener=false
peer=false name=com.apple.runningboard
[RunningBoardServices] Sending handshake request attempt #1 to server
[UIKitCore] Deactivation reason added: 10; deactivation reasons: 0 -> 1024;
animating application lifecycle event: 0
[BoardServices] activating monitor for service com.apple.frontboard.open
[RunningBoardServices] Handshake succeeded
[RunningBoardServices] Identity resolved as app<com.farmos.mobile((null))>
[BoardServices] activating monitor for service
com.apple.frontboard.workspace-service
[UIKitCore] Incrementing reference count for background assertion
<BKSProcessAssertion: 0x1041552a0>
[UIKitCore] Created background task <_UIBackgroundTaskInfo: 0x1068d49c0>: taskID
= 1, taskName = Launch Background Task for Coalescing, creationTime = 445612
(elapsed = 0).
[FrontBoardServices] FBSWorkspace registering source:
com.apple.frontboard.systemappservices
[FrontBoardServices] Realizing settings extension
_UIApplicationSceneKeyboardSettings on FBSSceneSettings
[FrontBoardServices] FBSWorkspace connected to endpoint :
<BSServiceConnectionEndpoint: 0x10699c180; target:
com.apple.frontboard.systemappservices; service:
com.apple.frontboard.workspace-service>
[FrontBoardServices] <FBSWorkspaceScenesClient:0x1069145a0
com.apple.frontboard.systemappservices> attempting immediate handshake from
activate
[FrontBoardServices] <FBSWorkspaceScenesClient:0x1069145a0
com.apple.frontboard.systemappservices> sent handshake
[RunningBoardServices] Added observer for process assertions expiration warning:
<_RBSExpirationWarningClient: 0x10699cca0>
[FrontBoardServices] Realizing settings extension <_UISceneOcclusionSettings> on
FBSSceneSettings
[UIKitCore] Evaluated capturing state as 0 on <UIScreen: 0x1069ec500> for
initial
[FrontBoardServices] Realizing settings extension
<_UISceneInterfaceProtectionSettings> on FBSSceneSettings
[UIKitCore] Evaluated capturing state as 0 on <UIScreen: 0x1069ec500> for
CADisplay KVO
[FrontBoardServices] Realizing settings extension
_UISceneLayoutPreferencesHostSettingsExtension on FBSSceneSettings
[FrontBoardServices] Realizing settings extension
_UISceneSafeAreaSettingsExtension on FBSSceneSettings
[libAccessibility.dylib] Read CategoryName: per-app = 1, category name = (null)
[libAccessibility.dylib] Read CategoryName: per-app = 0, category name = (null)
[FrontBoardServices] Realizing settings extension
_UISceneLayoutPreferenceClientSettingsExtension on FBSSceneClientSettings
[FrontBoardServices] Realizing settings extension
<_UIHomeAffordanceHostSceneSettings> on FBSSceneSettings
[FrontBoardServices] Realizing settings extension
_UISystemShellSceneHostingEnvironmentSettings on FBSSceneSettings
[FrontBoardServices] Realizing settings extension
_UISceneRenderingEnvironmentSettings on FBSSceneSettings
[FrontBoardServices] Realizing settings extension
<_UISceneRenderingEnvironmentClientSettings> on FBSSceneClientSettings
[FrontBoardServices] Realizing settings extension
<_UISceneTransitioningHostSettings> on FBSSceneSettings
[FrontBoardServices] Realizing settings extension <_UISceneFocusSystemSettings>
on FBSSceneSettings
[FrontBoardServices] Realizing settings extension
_UISceneOrientationSettingsExtension on FBSSceneSettings
[FrontBoardServices] Realizing settings extension
_UISceneOrientationClientSettingsExtension on FBSSceneClientSettings
[FrontBoardServices] Realizing settings extension
_UISceneWindowingControlClientSettings on FBSSceneClientSettings
[FrontBoardServices] Realizing settings extension
<_UISceneHostingContentSizePreferenceClientSettings> on FBSSceneClientSettings
[FrontBoardServices] Realizing settings extension
_UISceneHostingTraitCollectionPropagationSettings on FBSSceneSettings
[FrontBoardServices] Realizing settings extension
<_UISceneHostingSheetPresentationSettings> on FBSSceneSettings
[FrontBoardServices] Realizing settings extension
<_UISceneHostingSheetPresentationClientSettings> on FBSSceneClientSettings
[FrontBoardServices] Realizing settings extension
<_UISceneHostingEventDeferringSettings> on FBSSceneSettings
[FrontBoardServices] Realizing settings extension
<UIKit__UITypedKeyValueSceneSettings> on FBSSceneSettings
[FrontBoardServices] Realizing settings extension
<UIKit__UITypedKeyValueSceneSettings> on FBSSceneClientSettings
[FrontBoardServices] Realizing settings extension
<_UISceneHostingViewControllerPreferencePropagationClientSettings> on
FBSSceneClientSettings
[FrontBoardServices] Realizing settings extension
<_UISceneZoomTransitionSettings> on FBSSceneSettings
[FrontBoardServices] Realizing settings extension FBSSceneSettingsCore on
FBSSceneSettings
[FrontBoardServices] Realizing settings extension FBSSceneClientSettingsCore on
FBSSceneClientSettings
[XCTTargetBootstrap] Registering for test daemon availability notify post.
[XCTTargetBootstrap] notify_get_state check indicated test daemon not ready.
[XCTTargetBootstrap] notify_get_state check indicated test daemon not ready.
[XCTTargetBootstrap] notify_get_state check indicated test daemon not ready.
[UIKitCore] Selected display: name=LCD (PurpleMain), id=1
[FrontBoardServices] UIMutableApplicationSceneSettings setting counterpart
class: UIApplicationSceneSettings
[FrontBoardServices] UIMutableApplicationSceneClientSettings setting counterpart
class: UIApplicationSceneClientSettings
[FrontBoardServices] Realizing settings extension FBSSceneTransitionContextCore
on FBSSceneTransitionContext
[FrontBoardServices] [(FBSceneManager):sceneID:com.farmos.mobile-default]
Received action(s) in scene-create: UIOpenURLAction
[libapp_launch_measurement.dylib] alm_acquire_pageins_recording_assertion:
acquired pageins recording assertion!
[UIKitCore] Deactivation reason added: 5; deactivation reasons: 1024 -> 1056;
animating application lifecycle event: 1
[UIKitCore] Not push traits update to screen for new style 1, <UIWindowScene:
0x104144280> (4BDF63A4-9AB5-4167-B6DE-F09F4BF6A667)
[UIKitCore] Should send trait collection or coordinate space update, interface
style 1 -> 1, <UIWindowScene: 0x104144280>
(4BDF63A4-9AB5-4167-B6DE-F09F4BF6A667)
[UIKitCore] Not push traits update to screen for new style 1, <UIWindowScene:
0x104144280> (4BDF63A4-9AB5-4167-B6DE-F09F4BF6A667)
[UIKitCore] Initializing: <_UIHomeAffordanceSceneNotifier: 0x106ac0bd0>; with
scene: <UIWindowScene: 0x104144280>
[BacklightServices] 0x106a5d110 setDelegate:<0x106a5de90
_UIBacklightEnvironment> hasDelegate:YES for
environment:sceneID:com.farmos.mobile-default
[UIKitCore] Not push traits update to screen for new style 1, <UIWindowScene:
0x104144280> (4BDF63A4-9AB5-4167-B6DE-F09F4BF6A667)
[UIKitCore] [0x106ac0d90] Initialized with scene: <UIWindowScene: 0x104144280>;
behavior: <_UIEventDeferringBehavior_iOS: 0x10699efa0>; availableForProcess: 1,
systemShellManagesKeyboardFocus: 1
[BoardServices] [C:2] Alloc com.apple.backboard.hid-services.xpc
[libxpc.dylib] [0x1069ecdc0] activating connection: mach=false listener=false
peer=false name=(anonymous)
[BackBoardServices] policyStatus:<BKSHIDEventDeliveryPolicyObserver:
0x1068a3f00; process scope; status: target> was:none
[UIKitCore] Setting default evaluation strategy for UIUserInterfaceIdiomPhone to
LastOneWins
[BackBoardServices] BKSHIDEventObserver - connection activation
[UIKitCore] Scene target of keyboard event deferring environment did change: 1;
scene: UIWindowScene: 0x104144280; scene identity:
com.apple.frontboard.systemappservices/FBSceneManager:sceneID%3Acom.farmos.mobile-default
[UIKitCore] [0x106ac0d90] Scene target of event deferring environments did
update: scene: 0x104144280; current systemShellManagesKeyboardFocus: 1;
systemShellManagesKeyboardFocusForScene: 1; eligibleForRecordRemoval: 1;
[UIKitCore] Scene became target of keyboard event deferring environment:
UIWindowScene: 0x104144280; scene identity:
com.apple.frontboard.systemappservices/FBSceneManager:sceneID%3Acom.farmos.mobile-default
[UIKitCore] Stack[KeyWindow] 0x106a5e700: Taking no further action for migration
from LastOneWins -> SystemShellManaged as there are no scenes
[UIKitCore] Setting default evaluation strategy for UIUserInterfaceIdiomPhone to
SystemShellManaged
[UIKitCore] Key window needs update: 0; currentKeyWindowScene: 0x0;
evaluatedKeyWindowScene: 0x104144280; currentApplicationKeyWindow: 0x0;
evaluatedApplicationKeyWindow: 0x0; reason: UIWindowScene: 0x104144280: Window
scene became target of keyboard environment
[UIKitCore] Not push traits update to screen for new style 1, <UIWindowScene:
0x104144280> (4BDF63A4-9AB5-4167-B6DE-F09F4BF6A667)
[UIKitCore] Not push traits update to screen for new style 1, <UIWindowScene:
0x104144280> (4BDF63A4-9AB5-4167-B6DE-F09F4BF6A667)
[UIKitCore] Not push traits update to screen for new style 1, <UIWindowScene:
0x104144280> (4BDF63A4-9AB5-4167-B6DE-F09F4BF6A667)
[UIKitCore] `UIScene` lifecycle will soon be required. Failure to adopt will
result in an assert in the future.
[UIKitCore] Not push traits update to screen for new style 1, <UIWindowScene:
0x104144280> (4BDF63A4-9AB5-4167-B6DE-F09F4BF6A667)
[UIKitCore] sceneOfRecord: sceneID: sceneID:com.farmos.mobile-default
persistentID: 4BDF63A4-9AB5-4167-B6DE-F09F4BF6A667
[UIKitCore] Ignoring already applied deactivation reason: 5; deactivation
reasons: 1056
[UIKitCore] Deactivation reason added: 11; deactivation reasons: 1056 -> 3104;
animating application lifecycle event: 1
[UIKitCore] startConnection
[libxpc.dylib] [0x1069ed680] activating connection: mach=true listener=false
peer=false name=com.apple.UIKit.KeyboardManagement.hosted
[UIKitCore] You've implemented -[<UIApplicationDelegate>
application:performFetchWithCompletionHandler:], but you still need to add
"fetch" to the list of your supported UIBackgroundModes in your Info.plist.
[UIKitCore] You've implemented -[<UIApplicationDelegate>
application:didReceiveRemoteNotification:fetchCompletionHandler:], but you still
need to add "remote-notification" to the list of your supported
UIBackgroundModes in your Info.plist.
[React] _setUpFeatureFlags called with release level 2
[Network] networkd_settings_read_from_file_locked initialized networkd settings
by reading plist directly
[Network] networkd_settings_read_from_file_locked initialized networkd settings
by reading plist directly
[CFNetwork] Task <DA5E5E54-01CB-4508-BDD8-89BFC1AB33EE>.<1> resuming,
timeouts(10.0, 604800.0) qos(0x21) voucher(<OS_voucher: 0x106a30460>)
activity(00000000-0000-0000-0000-000000000000)
[libsystem_containermanager.dylib] Requesting container lookup; class = 13,
identifier = com.apple.nsurlsessiond, group_identifier =
systemgroup.com.apple.nsurlstoragedresources, create = 1, temp = 0, euid = 501,
uid = 501
[libsystem_containermanager.dylib] Query; euid = 501, uid = 501, class = 13,
identifier = [com.apple.nsurlsessiond](1), flags = 900000003
[libsystem_containermanager.dylib] _container_query_get_result_at_index: success
[libsystem_containermanager.dylib] container_system_group_path_for_identifier:
success
[Security] System Keychain Always Supported set via feature flag to disabled
[libxpc.dylib] [0x1069ee580] activating connection: mach=true listener=false
peer=false name=com.apple.trustd
[CFNetwork] Initializing NSHTTPCookieStorage singleton
[CFNetwork] Initializing CFHTTPCookieStorage singleton
[CFNetwork] Creating default cookie storage with process/bundle identifier
[CFNetwork] Initializing AlternativeServices Storage singleton
2026-05-04T12:37:34.002Z expo:prebuild-config:expo-splash-screen:ios config: {
  backgroundColor: '#fafaf7',
  image: './assets/splash-icon.png',
  imageWidth: 200,
  resizeMode: 'contain',
  dark: {}
}
2026-05-04T12:37:34.004Z expo:metro:config:rewriteRequestUrl Rewriting magic request url to entry point {
  url: '/.expo/.virtual-metro-entry.bundle?platform=ios&dev=true&lazy=true&minify=false&inlineSourceMap=false&modulesOnly=false&runModule=true&excludeSource=true&sourcePaths=url-server&app=com.farmos.mobile',
  platform: 'ios'
}
2026-05-04T12:37:34.006Z expo:metro:config:rewriteRequestUrl Using src/app as the root directory for Expo Router.
2026-05-04T12:37:34.007Z expo:metro:config:rewriteRequestUrl Enabling Hermes for managed project
2026-05-04T12:37:34.008Z expo:metro:config:rewriteRequestUrl Resolved entry point {
  entry: '/Users/weerachaipanthueng/Projects/Business/Farm-Project/mobile/node_modules/expo-router/entry.js',
  relativeEntry: 'node_modules/expo-router/entry',
  serverRoot: '/Users/weerachaipanthueng/Projects/Business/Farm-Project/mobile'
}
[CoreServicesInternal] kExcludedFromBackupXattrName set on path:
/Users/weerachaipanthueng/Library/Developer/CoreSimulator/Devices/7C6B9B8E-A966-40BD-A38A-A484B1EE8605/data/Containers/Data/Application/3D819681-2B9A-4A6C-8942-13E46473935A/Library/HTTPStorages/com.farmos.mobile
[Security] SecTrustReportNetworkingAnalytics failed with error: -4
[CFNetwork] Garbage collection for alternative services
[CFNetwork] Connection 1: starting, TC(0x0)
[Network] [C1 ABCF8D40-B028-426B-95FE-DEB82C9FC293 Hostname#dbd800c3:8081 tcp,
url: http://localhost:8081/status, definite, attribution: developer, context:
com.apple.CFNetwork.NSURLSession.{FDB67E90-2AF2-4B0A-9AE8-D2DBD6BC1071}{(null)}{Y}{2}{0x0}
(private), proc: 5BA52552-E806-361D-8ACF-2D2D7B27716E, delegated upid: 0] start
[Network] [C1 Hostname#dbd800c3:8081 initial parent-flow ((null))] event:
path:start @0.000s
[Network] [C1 Hostname#dbd800c3:8081 waiting parent-flow (satisfied (Path is
satisfied), interface: en0[802.11], uses wifi, LQM: unknown)] event:
path:satisfied @0.002s, uuid: E4185550-ED8B-4109-B25C-564D3576D37D
[Network] [C1 Hostname#dbd800c3:8081 in_progress parent-flow (satisfied (Path is
satisfied), interface: en0[802.11], uses wifi, LQM: unknown)] event:
flow:start_connect @0.012s
[Network] nw_connection_report_state_with_handler_on_nw_queue [C1] reporting
state preparing
[Network] [C1 Hostname#dbd800c3:8081 in_progress parent-flow (satisfied (Path is
satisfied), interface: en0[802.11], uses wifi, LQM: unknown)] event:
flow:start_child @0.013s
[Network] [C1.1 Hostname#dbd800c3:8081 initial path ((null))] event: path:start
@0.013s
[Network] [C1.1 Hostname#dbd800c3:8081 waiting path (satisfied (Path is
satisfied), interface: en0[802.11], uses wifi, LQM: unknown)] event:
path:satisfied @0.013s, uuid: E4185550-ED8B-4109-B25C-564D3576D37D
[Network] [C1.1 Hostname#dbd800c3:8081 in_progress resolver (satisfied (Path is
satisfied), interface: en0[802.11], uses wifi, LQM: unknown)] event:
resolver:start_dns @0.014s
iOS node_modules/expo-router/entry.js ░░░░░░░░░░░░░░░░  0.0% (0/1)
[CFNetwork] Task <DA5E5E54-01CB-4508-BDD8-89BFC1AB33EE>.<1> setting up
Connection 1
iOS node_modules/expo-router/entry.js ░░░░░░░░░░░░░░░░  0.0% (0/1)
[Network] nw_endpoint_resolver_update [C1.1 Hostname#dbd800c3:8081 in_progress
resolver (satisfied (Path is satisfied), interface: en0[802.11], uses wifi, LQM:
unknown)] Adding endpoint handler for IPv6#417e27ec.8081
iOS node_modules/expo-router/entry.js ░░░░░░░░░░░░░░░░  0.0% (0/1)
[Network] nw_endpoint_resolver_update [C1.1 Hostname#dbd800c3:8081 in_progress
resolver (satisfied (Path is satisfied), interface: en0[802.11], uses wifi, LQM:
unknown)] Adding endpoint handler for IPv4#71f6179c:8081
[Network] [C1.1 Hostname#dbd800c3:8081 in_progress resolver (satisfied (Path is
satisfied), interface: en0[802.11], uses wifi, LQM: unknown)] event:
resolver:receive_dns @0.024s
[Network] [C1.1.1 IPv6#417e27ec.8081 initial path ((null))] event: path:start
@0.028s
iOS node_modules/expo-router/entry.js ░░░░░░░░░░░░░░░░  0.0% (0/1)
[Network] [C1.1.1 IPv6#417e27ec.8081 waiting path (satisfied (Path is
satisfied), interface: lo0)] event: path:satisfied @0.047s, uuid:
43D43506-A59D-4398-95E9-A0231A5A4DEB
[Network] [C1.1.1 IPv6#417e27ec.8081 in_progress socket-flow (satisfied (Path is
satisfied), interface: lo0)] event: flow:start_connect @0.052s
iOS node_modules/expo-router/entry.js ░░░░░░░░░░░░░░░░  0.0% (0/1)
[Network] nw_socket_handle_socket_event [C1.1.1:2] Socket received CONNECTED
event
[Network] nw_flow_connected [C1.1.1 IPv6#417e27ec.8081 in_progress socket-flow
(satisfied (Path is satisfied), interface: lo0)] Transport protocol connected
(socket)
[Network] [C1.1.1 IPv6#417e27ec.8081 in_progress socket-flow (satisfied (Path is
satisfied), interface: lo0)] event: flow:finish_transport @0.053s
[Network] nw_flow_connected [C1.1.1 IPv6#417e27ec.8081 in_progress socket-flow
(satisfied (Path is satisfied), interface: lo0)] Output protocol connected
(CFNetworkConnection-2504185382)
[Network] [C1.1.1 IPv6#417e27ec.8081 ready socket-flow (satisfied (Path is
satisfied), interface: lo0)] event: flow:child_finish_connect @0.057s
[Network] [C1.1 Hostname#dbd800c3:8081 ready resolver (satisfied (Path is
satisfied), interface: en0[802.11], uses wifi, LQM: unknown)] event:
flow:child_finish_connect @0.058s
[Network] nw_flow_connected [C1 IPv6#417e27ec.8081 in_progress parent-flow
(satisfied (Path is satisfied), interface: en0[802.11], uses wifi, LQM:
unknown)] Output protocol connected (endpoint_flow)
[Network] [C1 IPv6#417e27ec.8081 ready parent-flow (satisfied (Path is
satisfied), interface: en0[802.11], uses wifi, LQM: unknown)] event:
flow:finish_connect @0.058s
[Network] nw_connection_report_state_with_handler_on_nw_queue [C1] reporting
state ready
iOS node_modules/expo-router/entry.js ▓▓░░░░░░░░░░░░░░ 12.8% (10/28)
[CFNetwork] Connection 1: connected successfully
iOS node_modules/expo-router/entry.js ▓▓░░░░░░░░░░░░░░ 12.8% (10/28)
2026-05-04T12:37:34.172Z expo:start:server:metro:multi-platform Skipping production module: ./cjs/react.production.js
[CFNetwork] Connection 1: ready C(N) E(N)
[CFNetwork] Task <DA5E5E54-01CB-4508-BDD8-89BFC1AB33EE>.<1> now using Connection
1
[CFNetwork] Task <DA5E5E54-01CB-4508-BDD8-89BFC1AB33EE>.<1> sent request, body N
0
[CFNetwork] Task <DA5E5E54-01CB-4508-BDD8-89BFC1AB33EE>.<1> received response,
status 200 content K
[CFNetwork] Task <DA5E5E54-01CB-4508-BDD8-89BFC1AB33EE>.<1> response ended
iOS node_modules/expo-router/entry.js ▓▓░░░░░░░░░░░░░░ 12.8% ( 16/110)
[CFNetwork] Task <DA5E5E54-01CB-4508-BDD8-89BFC1AB33EE>.<1> done using
Connection 1
iOS node_modules/expo-router/entry.js ▓▓░░░░░░░░░░░░░░ 12.8% ( 16/110)
[Network] [C1] event: client:connection_idle @0.068s
[Network] nw_protocol_socket_notify [C1.1.1:2]
nw_protocol_notification_type_connection_idle is true
[Network] [C1] event: client:connection_idle @0.068s
[CFNetwork] Task <DA5E5E54-01CB-4508-BDD8-89BFC1AB33EE>.<1> summary for task
success {transaction_duration_ms=102, response_status=200, connection=1,
protocol="http/1.1", domain_lookup_duration_ms=10, connect_duration_ms=6,
secure_connection_duration_ms=0, private_relay=false, request_start_ms=95,
request_duration_ms=1, response_start_ms=101, response_duration_ms=0,
request_bytes=430, request_throughput_kbps=2357, response_bytes=402,
response_throughput_kbps=3856, cache_hit=false}
[Network] nw_protocol_socket_notify [C1.1.1:2]
nw_protocol_notification_type_connection_idle is true
iOS node_modules/expo-router/entry.js ▓▓░░░░░░░░░░░░░░ 12.8% ( 16/110)
[CoreAnalytics] No XPC connection in Simulator
[CFNetwork] Task <DA5E5E54-01CB-4508-BDD8-89BFC1AB33EE>.<1> finished
successfully
[CFNetwork] Task <A5357546-5891-4803-8401-B992242D0ED3>.<1> resuming,
timeouts(60.0, 604800.0) qos(0x21) voucher((null))
activity(00000000-0000-0000-0000-000000000000)
iOS node_modules/expo-router/entry.js ▓▓░░░░░░░░░░░░░░ 12.8% ( 16/110)
2026-05-04T12:37:34.289Z expo:start:server:metro:multi-platform Skipping production module: ./cjs/react-jsx-runtime.production.js
[CFNetwork] Connection 2: starting, TC(0x0)
[Network] [C2 C398AC28-4101-450A-879F-4065FCC01130 Hostname#dbd800c3:8081 tcp,
url: http://localhost:8081/.expo/.virtual-metro-entry.bundle, definite,
attribution: developer, context:
com.apple.CFNetwork.NSURLSession.{9EC31085-8477-4CF1-8D1F-3D78D1014BD0}{(null)}{Y}{2}{0x0}
(private), proc: 5BA52552-E806-361D-8ACF-2D2D7B27716E, delegated upid: 0] start
[Network] [C2 Hostname#dbd800c3:8081 initial parent-flow ((null))] event:
path:start @0.000s
[Security] SecTrustReportNetworkingAnalytics failed with error: -4
[Network] [C2 Hostname#dbd800c3:8081 waiting parent-flow (satisfied (Path is
satisfied), interface: en0[802.11], uses wifi, LQM: unknown)] event:
path:satisfied @0.000s, uuid: 81A649D4-03AC-4408-BACE-2B611F3F14A9
[Network] [C2 Hostname#dbd800c3:8081 in_progress parent-flow (satisfied (Path is
satisfied), interface: en0[802.11], uses wifi, LQM: unknown)] event:
flow:start_connect @0.000s
[Network] nw_connection_report_state_with_handler_on_nw_queue [C2] reporting
state preparing
[Network] [C2 Hostname#dbd800c3:8081 in_progress parent-flow (satisfied (Path is
satisfied), interface: en0[802.11], uses wifi, LQM: unknown)] event:
flow:start_child @0.000s
[Network] [C2.1 Hostname#dbd800c3:8081 initial path ((null))] event: path:start
@0.000s
[Network] [C2.1 Hostname#dbd800c3:8081 waiting path (satisfied (Path is
satisfied), interface: en0[802.11], uses wifi, LQM: unknown)] event:
path:satisfied @0.000s, uuid: 81A649D4-03AC-4408-BACE-2B611F3F14A9
[Network] [C2.1 Hostname#dbd800c3:8081 in_progress resolver (satisfied (Path is
satisfied), interface: en0[802.11], uses wifi, LQM: unknown)] event:
resolver:start_dns @0.001s
[CFNetwork] Task <A5357546-5891-4803-8401-B992242D0ED3>.<1> setting up
Connection 2
[Network] nw_endpoint_resolver_update [C2.1 Hostname#dbd800c3:8081 in_progress
resolver (satisfied (Path is satisfied), interface: en0[802.11], uses wifi, LQM:
unknown)] Adding endpoint handler for IPv6#417e27ec.8081
[Network] nw_endpoint_resolver_update [C2.1 Hostname#dbd800c3:8081 in_progress
resolver (satisfied (Path is satisfied), interface: en0[802.11], uses wifi, LQM:
unknown)] Adding endpoint handler for IPv4#71f6179c:8081
[Network] [C2.1 Hostname#dbd800c3:8081 in_progress resolver (satisfied (Path is
satisfied), interface: en0[802.11], uses wifi, LQM: unknown)] event:
resolver:receive_dns @0.002s
[Network] [C2.1.1 IPv6#417e27ec.8081 initial path ((null))] event: path:start
@0.002s
[Network] [C2.1.1 IPv6#417e27ec.8081 waiting path (satisfied (Path is
satisfied), interface: lo0)] event: path:satisfied @0.002s, uuid:
B85758EF-C44C-4E1C-902D-B939FB79932A
[Network] [C2.1.1 IPv6#417e27ec.8081 in_progress socket-flow (satisfied (Path is
satisfied), interface: lo0)] event: flow:start_connect @0.003s
[Network] nw_socket_handle_socket_event [C2.1.1:2] Socket received CONNECTED
event
[Network] nw_flow_connected [C2.1.1 IPv6#417e27ec.8081 in_progress socket-flow
(satisfied (Path is satisfied), interface: lo0)] Transport protocol connected
(socket)
[Network] [C2.1.1 IPv6#417e27ec.8081 in_progress socket-flow (satisfied (Path is
satisfied), interface: lo0)] event: flow:finish_transport @0.003s
[Network] nw_flow_connected [C2.1.1 IPv6#417e27ec.8081 in_progress socket-flow
(satisfied (Path is satisfied), interface: lo0)] Output protocol connected
(CFNetworkConnection-2504185382)
[Network] [C2.1.1 IPv6#417e27ec.8081 ready socket-flow (satisfied (Path is
satisfied), interface: lo0)] event: flow:child_finish_connect @0.003s
[Network] [C2.1 Hostname#dbd800c3:8081 ready resolver (satisfied (Path is
satisfied), interface: en0[802.11], uses wifi, LQM: unknown)] event:
flow:child_finish_connect @0.003s
[Network] nw_flow_connected [C2 IPv6#417e27ec.8081 in_progress parent-flow
(satisfied (Path is satisfied), interface: en0[802.11], uses wifi, LQM:
unknown)] Output protocol connected (endpoint_flow)
[Network] [C2 IPv6#417e27ec.8081 ready parent-flow (satisfied (Path is
satisfied), interface: en0[802.11], uses wifi, LQM: unknown)] event:
flow:finish_connect @0.003s
[Network] nw_connection_report_state_with_handler_on_nw_queue [C2] reporting
state ready
[CFNetwork] Connection 2: connected successfully
[CFNetwork] Connection 2: ready C(N) E(N)
[CFNetwork] Task <A5357546-5891-4803-8401-B992242D0ED3>.<1> now using Connection
2
[CFNetwork] Task <A5357546-5891-4803-8401-B992242D0ED3>.<1> sent request, body N
0
[UIKitCore] <UIWindowScene: 0x104144280> (4BDF63A4-9AB5-4167-B6DE-F09F4BF6A667)
Scene updated orientation preferences: none -> ( Pu Ll Lr )
[UIKitCore] Key window API is scene-level: YES
[UIKitCore] UIWindowScene: 0x104144280: Window became key in scene: UIWindow:
0x106a1c000; contextId: 0x9CE392BB: reason: UIWindowScene: 0x104144280: Window
requested to become key in scene: 0x106a1c000
[UIKitCore] Key window needs update: 1; currentKeyWindowScene: 0x0;
evaluatedKeyWindowScene: 0x104144280; currentApplicationKeyWindow: 0x0;
evaluatedApplicationKeyWindow: 0x106a1c000; reason: UIWindowScene: 0x104144280:
Window requested to become key in scene: 0x106a1c000
[UIKitCore] Window did become application key: UIWindow: 0x106a1c000; contextId:
0x9CE392BB; scene identity:
com.apple.frontboard.systemappservices/FBSceneManager:sceneID%3Acom.farmos.mobile-default
[UIKitCore] [0x106ac0d90] Begin local event deferring requested for token:
0x1068a3360; environments: 1; reason: UIWindowScene: 0x104144280: Begin event
deferring in keyboardFocus for window: 0x106a1c000
[BackBoardServices] BKSHIDEventDeliveryManager - connection activation
[BackBoardServices] policyStatus:<BKSHIDEventDeliveryPolicyObserver:
0x1068a3f00; token:
com.apple.frontboard.systemappservices/FBSceneManager:sceneID%3Acom.farmos.mobile-default;
status: ancestor> was:target
[UIKitCore] Deactivation reason removed: 10; deactivation reasons: 3104 -> 2080;
animating application lifecycle event: 1
[UIKitCore] Deactivation reason added: 12; deactivation reasons: 2080 -> 6176;
animating application lifecycle event: 1
[UIKitCore] Deactivation reason removed: 11; deactivation reasons: 6176 -> 4128;
animating application lifecycle event: 1
iOS node_modules/expo-router/entry.js ▓▓░░░░░░░░░░░░░░ 12.8% ( 56/234)
[FrontBoardServices] Realizing settings extension
<_UISceneIntelligenceSupportSettings> on FBSSceneSettings
[CFNetwork] Task <A5357546-5891-4803-8401-B992242D0ED3>.<1> received response,
status 200 content C
[UIKitCore] Not push traits update to screen for new style 1, <UIWindowScene:
0x104144280> (4BDF63A4-9AB5-4167-B6DE-F09F4BF6A667)
[UIIntelligenceSupport] establishing connection to agent
iOS node_modules/expo-router/entry.js ▓▓░░░░░░░░░░░░░░ 14.6% (148/387)
[libxpc.dylib] [0x106a31590] Session created.
[libxpc.dylib] [0x106a31590] Session created from connection [0x10d010000]
[libxpc.dylib] [0x10d010000] activating connection: mach=true listener=false
peer=false name=com.apple.uiintelligencesupport.agent
[libxpc.dylib] [0x106a31590] Session activated
[libxpc.dylib] [0x10d011400] activating connection: mach=true listener=false
peer=false name=com.apple.IOSurface.Remote
[libxpc.dylib] [0x10d0103c0] activating connection: mach=true listener=false
peer=false name=com.apple.lsd.mapdb
[Network] Create activity from XPC object <nw_activity 50:1
[A7416EAD-226C-4DCF-B570-2BF0ABDE1238] (reporting strategy default)>
[Network] Create activity from XPC object <nw_activity 50:2
[B28DBAA7-7C7F-496A-B9A8-BE4606534BCB] (reporting strategy default)>
iOS node_modules/expo-router/entry.js ▓▓░░░░░░░░░░░░░░ 14.6% (148/387)
[Network] Set activity <nw_activity 50:1 [A7416EAD-226C-4DCF-B570-2BF0ABDE1238]
(reporting strategy default)> as the global parent
[UIKitCore] Ending background task with UIBackgroundTaskIdentifier: 1
[UIKitCore] Ending task with identifier 1 and description:
<_UIBackgroundTaskInfo: 0x1068d49c0>: taskID = 1, taskName = Launch Background
Task for Coalescing, creationTime = 445612 (elapsed = 1), _expireHandler: (null)
[UIKitCore] Decrementing reference count for assertion <BKSProcessAssertion:
0x1041552a0> (used by background task with identifier 1: <_UIBackgroundTaskInfo:
0x1068d49c0>: taskID = 1, taskName = Launch Background Task for Coalescing,
creationTime = 445612 (elapsed = 1))
[UIKitCore] Will invalidate assertion: <BKSProcessAssertion: 0x1041552a0> for
task identifier: 1
[UIKitCore] [0x106ac0d90] Scene target of event deferring environments did
update: scene: 0x104144280; current systemShellManagesKeyboardFocus: 1;
systemShellManagesKeyboardFocusForScene: 1; eligibleForRecordRemoval: 1;
[UIKitCore] Scene became target of keyboard event deferring environment:
UIWindowScene: 0x104144280; scene identity:
com.apple.frontboard.systemappservices/FBSceneManager:sceneID%3Acom.farmos.mobile-default
iOS node_modules/expo-router/entry.js ▓▓░░░░░░░░░░░░░░ 14.6% (148/387)
2026-05-04T12:37:34.513Z expo:metro:tsconfig-paths @/theme/ThemeProvider -> /Users/weerachaipanthueng/Projects/Business/Farm-Project/mobile/src/theme/ThemeProvider
2026-05-04T12:37:34.516Z expo:metro:tsconfig-paths @/components/icons -> /Users/weerachaipanthueng/Projects/Business/Farm-Project/mobile/src/components/icons
2026-05-04T12:37:34.516Z expo:metro:tsconfig-paths @/theme/tokens -> /Users/weerachaipanthueng/Projects/Business/Farm-Project/mobile/src/theme/tokens
2026-05-04T12:37:34.521Z expo:metro:tsconfig-paths @/screens/home/components/quick-actions-sheet -> /Users/weerachaipanthueng/Projects/Business/Farm-Project/mobile/src/screens/home/components/quick-actions-sheet
2026-05-04T12:37:34.523Z expo:metro:tsconfig-paths @/components/ui -> /Users/weerachaipanthueng/Projects/Business/Farm-Project/mobile/src/components/ui
2026-05-04T12:37:34.523Z expo:metro:tsconfig-paths @/screens/home -> /Users/weerachaipanthueng/Projects/Business/Farm-Project/mobile/src/screens/home
2026-05-04T12:37:34.524Z expo:metro:tsconfig-paths @/components/layout/ThemedSafeAreaView -> /Users/weerachaipanthueng/Projects/Business/Farm-Project/mobile/src/components/layout/ThemedSafeAreaView
2026-05-04T12:37:34.524Z expo:metro:tsconfig-paths @/screens/FarmsScreen -> /Users/weerachaipanthueng/Projects/Business/Farm-Project/mobile/src/screens/FarmsScreen
2026-05-04T12:37:34.525Z expo:metro:tsconfig-paths @/components/layout/ThemedSafeAreaView -> /Users/weerachaipanthueng/Projects/Business/Farm-Project/mobile/src/components/layout/ThemedSafeAreaView
2026-05-04T12:37:34.525Z expo:metro:tsconfig-paths @/screens/FarmPondsScreen -> /Users/weerachaipanthueng/Projects/Business/Farm-Project/mobile/src/screens/FarmPondsScreen
2026-05-04T12:37:34.527Z expo:metro:tsconfig-paths @/components/layout/ThemedSafeAreaView -> /Users/weerachaipanthueng/Projects/Business/Farm-Project/mobile/src/components/layout/ThemedSafeAreaView
2026-05-04T12:37:34.527Z expo:metro:tsconfig-paths @/screens/flows/FillFlow -> /Users/weerachaipanthueng/Projects/Business/Farm-Project/mobile/src/screens/flows/FillFlow
2026-05-04T12:37:34.529Z expo:metro:tsconfig-paths @/screens/flows/MoveFlow -> /Users/weerachaipanthueng/Projects/Business/Farm-Project/mobile/src/screens/flows/MoveFlow
2026-05-04T12:37:34.545Z expo:metro:tsconfig-paths @/hooks/useIsTablet -> /Users/weerachaipanthueng/Projects/Business/Farm-Project/mobile/src/hooks/useIsTablet
2026-05-04T12:37:34.545Z expo:metro:tsconfig-paths @/components/layout/TabletLayout -> /Users/weerachaipanthueng/Projects/Business/Farm-Project/mobile/src/components/layout/TabletLayout
2026-05-04T12:37:34.549Z expo:metro:tsconfig-paths @/components/layout/ThemedSafeAreaView -> /Users/weerachaipanthueng/Projects/Business/Farm-Project/mobile/src/components/layout/ThemedSafeAreaView
2026-05-04T12:37:34.550Z expo:metro:tsconfig-paths @/screens/DailyLogScreen -> /Users/weerachaipanthueng/Projects/Business/Farm-Project/mobile/src/screens/DailyLogScreen
2026-05-04T12:37:34.551Z expo:metro:tsconfig-paths @/components/layout/ThemedSafeAreaView -> /Users/weerachaipanthueng/Projects/Business/Farm-Project/mobile/src/components/layout/ThemedSafeAreaView
2026-05-04T12:37:34.551Z expo:metro:tsconfig-paths @/screens/LoginScreen -> /Users/weerachaipanthueng/Projects/Business/Farm-Project/mobile/src/screens/LoginScreen
2026-05-04T12:37:34.551Z expo:metro:tsconfig-paths @/screens/ProfileScreen -> /Users/weerachaipanthueng/Projects/Business/Farm-Project/mobile/src/screens/ProfileScreen
2026-05-04T12:37:34.552Z expo:metro:tsconfig-paths @/store/auth -> /Users/weerachaipanthueng/Projects/Business/Farm-Project/mobile/src/store/auth
2026-05-04T12:37:34.552Z expo:metro:tsconfig-paths @/screens/PondDetailScreen -> /Users/weerachaipanthueng/Projects/Business/Farm-Project/mobile/src/screens/PondDetailScreen
2026-05-04T12:37:34.554Z expo:metro:tsconfig-paths @/locale/i18n -> /Users/weerachaipanthueng/Projects/Business/Farm-Project/mobile/src/locale/i18n
2026-05-04T12:37:34.556Z expo:metro:tsconfig-paths @/theme/ThemeProvider -> /Users/weerachaipanthueng/Projects/Business/Farm-Project/mobile/src/theme/ThemeProvider
2026-05-04T12:37:34.557Z expo:metro:tsconfig-paths @/theme/useAppFonts -> /Users/weerachaipanthueng/Projects/Business/Farm-Project/mobile/src/theme/useAppFonts
2026-05-04T12:37:34.602Z expo:metro:tsconfig-paths @/screens/flows/SellFlow -> /Users/weerachaipanthueng/Projects/Business/Farm-Project/mobile/src/screens/flows/SellFlow
[UIKitCore] Event Timing Profile for Touch: not found,
path="/System/Library/EventTimingProfiles/Sim.Touch.plist"
[UIKitCore] Event Timing Profile for Pencil: not found,
path="/System/Library/EventTimingProfiles/Sim.Pencil.plist"
[UIKitCore] sceneOfRecord: sceneID: sceneID:com.farmos.mobile-default
persistentID: 4BDF63A4-9AB5-4167-B6DE-F09F4BF6A667
[UIKitCore] Not push traits update to screen for new style 1, <UIWindowScene:
0x104144280> (4BDF63A4-9AB5-4167-B6DE-F09F4BF6A667)
[UIKitCore] Target list changed: <CADisplay:LCD PurpleMain>
[UIKitCore] Not push traits update to screen for new style 1, <UIWindowScene:
0x104144280> (4BDF63A4-9AB5-4167-B6DE-F09F4BF6A667)
[UIKitCore] sceneOfRecord: sceneID: sceneID:com.farmos.mobile-default
persistentID: 4BDF63A4-9AB5-4167-B6DE-F09F4BF6A667
[UIKitCore] Deactivation reason removed: 12; deactivation reasons: 4128 -> 32;
animating application lifecycle event: 1
[UIKitCore] Send setDeactivating: N (-DeactivationReason:SuspendedEventsOnly)
[UIKitCore] Deactivation reason removed: 5; deactivation reasons: 32 -> 0;
animating application lifecycle event: 0
[libxpc.dylib] [0x10d011e00] activating connection: mach=true listener=false
peer=false name=com.apple.fontservicesd
[UIKitCore] startConnection
[UIKitCore] handleKeyboardChange: set currentKeyboard:N (wasKeyboard:N)
[UIKitCore] forceReloadInputViews
[UIKitCore] Reloading input views for key-window scene responder: <(null): 0x0;
> force:Y
[UIKitCore] isWritingToolsHandlingKeyboardTracking:Y (WT ready:Y, Arbiter
ready:Y)
[Network] <nw_activity 50:1 [A7416EAD-226C-4DCF-B570-2BF0ABDE1238] (global
parent) (reporting strategy default) complete (reason success)> complete with
reason 2 (success), duration 2931ms
[Network] <nw_activity 50:2 [B28DBAA7-7C7F-496A-B9A8-BE4606534BCB] (reporting
strategy default) complete (reason success)> complete with reason 2 (success),
duration 2931ms
[Network] Unsetting the global parent activity <nw_activity 50:1
[A7416EAD-226C-4DCF-B570-2BF0ABDE1238] (global parent) (reporting strategy
default) complete (reason success)>
[Network] Unset the global parent activity
[libapp_launch_measurement.dylib] alm_release_pageins_recording_assertion:
releasing pageins recording assertion
[libAccessibility.dylib] Read Per-App on Init: Smart invert = (null)
[UIKitCore] TX focusApplication (peekAppEvent) stealKB:Y
scene:com.farmos.mobile-default
[UIKitCore] Evaluating dispatch of UIEvent: 0x106918200; type: 0; subtype: 0;
backing type: 11; shouldSend: 1; ignoreInteractionEvents: 0,
systemGestureStateChange: 0
[UIKitCore] Sending UIEvent type: 0; subtype: 0; to windows: 1
[UIKitCore] Sending UIEvent type: 0; subtype: 0; to window: <UIWindow:
0x106a1c000>; contextId: 0x9CE392BB
[UIKitCore] Evaluating dispatch of UIEvent: 0x106918200; type: 0; subtype: 0;
backing type: 11; shouldSend: 1; ignoreInteractionEvents: 0,
systemGestureStateChange: 0
[UIKitCore] Sending UIEvent type: 0; subtype: 0; to windows: 1
[UIKitCore] Sending UIEvent type: 0; subtype: 0; to window: <UIWindow:
0x106a1c000>; contextId: 0x9CE392BB
[UIKitCore] Evaluating dispatch of UIEvent: 0x106918200; type: 0; subtype: 0;
backing type: 11; shouldSend: 0; ignoreInteractionEvents: 0,
systemGestureStateChange: 1
iOS node_modules/expo-router/entry.js ▓▓▓░░░░░░░░░░░░░ 22.0% (211/450)
2026-05-04T12:37:34.650Z expo:start:server:metro:multi-platform Skipping production module: ./cjs/react-is.production.min.js
2026-05-04T12:37:34.706Z expo:metro:tsconfig-paths @/theme/ThemeProvider -> /Users/weerachaipanthueng/Projects/Business/Farm-Project/mobile/src/theme/ThemeProvider
2026-05-04T12:37:34.709Z expo:metro:tsconfig-paths @/theme/ThemeProvider -> /Users/weerachaipanthueng/Projects/Business/Farm-Project/mobile/src/theme/ThemeProvider
2026-05-04T12:37:34.709Z expo:metro:tsconfig-paths @/components/icons -> /Users/weerachaipanthueng/Projects/Business/Farm-Project/mobile/src/components/icons
2026-05-04T12:37:34.709Z expo:metro:tsconfig-paths @/theme/tokens -> /Users/weerachaipanthueng/Projects/Business/Farm-Project/mobile/src/theme/tokens
2026-05-04T12:37:34.711Z expo:metro:tsconfig-paths @/theme/ThemeProvider -> /Users/weerachaipanthueng/Projects/Business/Farm-Project/mobile/src/theme/ThemeProvider
2026-05-04T12:37:34.711Z expo:metro:tsconfig-paths @/theme/tokens -> /Users/weerachaipanthueng/Projects/Business/Farm-Project/mobile/src/theme/tokens
2026-05-04T12:37:34.711Z expo:metro:tsconfig-paths @/components/icons -> /Users/weerachaipanthueng/Projects/Business/Farm-Project/mobile/src/components/icons
2026-05-04T12:37:34.712Z expo:metro:tsconfig-paths @/components/ui -> /Users/weerachaipanthueng/Projects/Business/Farm-Project/mobile/src/components/ui
2026-05-04T12:37:34.712Z expo:metro:tsconfig-paths @/components/layout/Row -> /Users/weerachaipanthueng/Projects/Business/Farm-Project/mobile/src/components/layout/Row
2026-05-04T12:37:34.712Z expo:metro:tsconfig-paths @/locale/thaiDate -> /Users/weerachaipanthueng/Projects/Business/Farm-Project/mobile/src/locale/thaiDate
2026-05-04T12:37:34.712Z expo:metro:tsconfig-paths @/mock/data -> /Users/weerachaipanthueng/Projects/Business/Farm-Project/mobile/src/mock/data
2026-05-04T12:37:34.712Z expo:metro:tsconfig-paths @/store/auth -> /Users/weerachaipanthueng/Projects/Business/Farm-Project/mobile/src/store/auth
2026-05-04T12:37:34.718Z expo:metro:tsconfig-paths @/theme/ThemeProvider -> /Users/weerachaipanthueng/Projects/Business/Farm-Project/mobile/src/theme/ThemeProvider
2026-05-04T12:37:34.719Z expo:metro:tsconfig-paths @/theme/ThemeProvider -> /Users/weerachaipanthueng/Projects/Business/Farm-Project/mobile/src/theme/ThemeProvider
2026-05-04T12:37:34.719Z expo:metro:tsconfig-paths @/theme/tokens -> /Users/weerachaipanthueng/Projects/Business/Farm-Project/mobile/src/theme/tokens
2026-05-04T12:37:34.719Z expo:metro:tsconfig-paths @/components/ui -> /Users/weerachaipanthueng/Projects/Business/Farm-Project/mobile/src/components/ui
2026-05-04T12:37:34.719Z expo:metro:tsconfig-paths @/components/icons -> /Users/weerachaipanthueng/Projects/Business/Farm-Project/mobile/src/components/icons
2026-05-04T12:37:34.719Z expo:metro:tsconfig-paths @/components/layout/Row -> /Users/weerachaipanthueng/Projects/Business/Farm-Project/mobile/src/components/layout/Row
2026-05-04T12:37:34.726Z expo:metro:tsconfig-paths @/components/domain/FishChips -> /Users/weerachaipanthueng/Projects/Business/Farm-Project/mobile/src/components/domain/FishChips
2026-05-04T12:37:34.726Z expo:metro:tsconfig-paths @/components/domain/StatusPip -> /Users/weerachaipanthueng/Projects/Business/Farm-Project/mobile/src/components/domain/StatusPip
2026-05-04T12:37:34.726Z expo:metro:tsconfig-paths @/utils/fmt -> /Users/weerachaipanthueng/Projects/Business/Farm-Project/mobile/src/utils/fmt
2026-05-04T12:37:34.727Z expo:metro:tsconfig-paths @/data -> /Users/weerachaipanthueng/Projects/Business/Farm-Project/mobile/src/data
2026-05-04T12:37:34.732Z expo:metro:tsconfig-paths @/theme/ThemeProvider -> /Users/weerachaipanthueng/Projects/Business/Farm-Project/mobile/src/theme/ThemeProvider
2026-05-04T12:37:34.733Z expo:metro:tsconfig-paths @/theme/tokens -> /Users/weerachaipanthueng/Projects/Business/Farm-Project/mobile/src/theme/tokens
2026-05-04T12:37:34.733Z expo:metro:tsconfig-paths @/components/ui -> /Users/weerachaipanthueng/Projects/Business/Farm-Project/mobile/src/components/ui
2026-05-04T12:37:34.733Z expo:metro:tsconfig-paths @/components/icons -> /Users/weerachaipanthueng/Projects/Business/Farm-Project/mobile/src/components/icons
2026-05-04T12:37:34.733Z expo:metro:tsconfig-paths @/components/layout/Row -> /Users/weerachaipanthueng/Projects/Business/Farm-Project/mobile/src/components/layout/Row
2026-05-04T12:37:34.733Z expo:metro:tsconfig-paths @/utils/fmt -> /Users/weerachaipanthueng/Projects/Business/Farm-Project/mobile/src/utils/fmt
2026-05-04T12:37:34.733Z expo:metro:tsconfig-paths @/mock/data -> /Users/weerachaipanthueng/Projects/Business/Farm-Project/mobile/src/mock/data
2026-05-04T12:37:34.733Z expo:metro:tsconfig-paths @/api/queries -> /Users/weerachaipanthueng/Projects/Business/Farm-Project/mobile/src/api/queries
2026-05-04T12:37:34.733Z expo:metro:tsconfig-paths @/store/auth -> /Users/weerachaipanthueng/Projects/Business/Farm-Project/mobile/src/store/auth
2026-05-04T12:37:34.736Z expo:metro:tsconfig-paths @/components/layout/ThemedSafeAreaView -> /Users/weerachaipanthueng/Projects/Business/Farm-Project/mobile/src/components/layout/ThemedSafeAreaView
2026-05-04T12:37:34.736Z expo:metro:tsconfig-paths @/theme/tokens -> /Users/weerachaipanthueng/Projects/Business/Farm-Project/mobile/src/theme/tokens
2026-05-04T12:37:34.737Z expo:metro:tsconfig-paths @/components/ui -> /Users/weerachaipanthueng/Projects/Business/Farm-Project/mobile/src/components/ui
2026-05-04T12:37:34.738Z expo:metro:tsconfig-paths @/components/icons -> /Users/weerachaipanthueng/Projects/Business/Farm-Project/mobile/src/components/icons
2026-05-04T12:37:34.738Z expo:metro:tsconfig-paths @/screens/home -> /Users/weerachaipanthueng/Projects/Business/Farm-Project/mobile/src/screens/home
2026-05-04T12:37:34.738Z expo:metro:tsconfig-paths @/screens/FarmsScreen -> /Users/weerachaipanthueng/Projects/Business/Farm-Project/mobile/src/screens/FarmsScreen
2026-05-04T12:37:34.738Z expo:metro:tsconfig-paths @/screens/FarmPondsScreen -> /Users/weerachaipanthueng/Projects/Business/Farm-Project/mobile/src/screens/FarmPondsScreen
2026-05-04T12:37:34.738Z expo:metro:tsconfig-paths @/screens/ProfileScreen -> /Users/weerachaipanthueng/Projects/Business/Farm-Project/mobile/src/screens/ProfileScreen
2026-05-04T12:37:34.738Z expo:metro:tsconfig-paths @/screens/PondDetailScreen -> /Users/weerachaipanthueng/Projects/Business/Farm-Project/mobile/src/screens/PondDetailScreen
2026-05-04T12:37:34.738Z expo:metro:tsconfig-paths @/screens/DailyLogScreen -> /Users/weerachaipanthueng/Projects/Business/Farm-Project/mobile/src/screens/DailyLogScreen
2026-05-04T12:37:34.738Z expo:metro:tsconfig-paths @/mock/data -> /Users/weerachaipanthueng/Projects/Business/Farm-Project/mobile/src/mock/data
2026-05-04T12:37:34.738Z expo:metro:tsconfig-paths @/utils/fmt -> /Users/weerachaipanthueng/Projects/Business/Farm-Project/mobile/src/utils/fmt
2026-05-04T12:37:34.740Z expo:metro:tsconfig-paths @/theme/ink -> /Users/weerachaipanthueng/Projects/Business/Farm-Project/mobile/src/theme/ink
2026-05-04T12:37:34.740Z expo:metro:tsconfig-paths @/locale/thaiDate -> /Users/weerachaipanthueng/Projects/Business/Farm-Project/mobile/src/locale/thaiDate
2026-05-04T12:37:34.740Z expo:metro:tsconfig-paths @/mock/data -> /Users/weerachaipanthueng/Projects/Business/Farm-Project/mobile/src/mock/data
2026-05-04T12:37:34.741Z expo:metro:tsconfig-paths @/store/auth -> /Users/weerachaipanthueng/Projects/Business/Farm-Project/mobile/src/store/auth
2026-05-04T12:37:34.742Z expo:metro:tsconfig-paths @/api/auth -> /Users/weerachaipanthueng/Projects/Business/Farm-Project/mobile/src/api/auth
2026-05-04T12:37:34.791Z expo:start:server:metro:multi-platform Skipping production module: ../implementations/ReactNativeRenderer-prod
2026-05-04T12:37:34.791Z expo:start:server:metro:multi-platform Skipping production module: ../implementations/ReactFabric-prod
2026-05-04T12:37:34.959Z expo:metro:tsconfig-paths @/theme/ThemeProvider -> /Users/weerachaipanthueng/Projects/Business/Farm-Project/mobile/src/theme/ThemeProvider
2026-05-04T12:37:34.959Z expo:metro:tsconfig-paths @/theme/tokens -> /Users/weerachaipanthueng/Projects/Business/Farm-Project/mobile/src/theme/tokens
2026-05-04T12:37:34.959Z expo:metro:tsconfig-paths @/theme/ink -> /Users/weerachaipanthueng/Projects/Business/Farm-Project/mobile/src/theme/ink
2026-05-04T12:37:34.961Z expo:metro:tsconfig-paths @/components/icons -> /Users/weerachaipanthueng/Projects/Business/Farm-Project/mobile/src/components/icons
2026-05-04T12:37:34.962Z expo:metro:tsconfig-paths @/components/ui -> /Users/weerachaipanthueng/Projects/Business/Farm-Project/mobile/src/components/ui
2026-05-04T12:37:34.967Z expo:metro:tsconfig-paths @/theme/ink -> /Users/weerachaipanthueng/Projects/Business/Farm-Project/mobile/src/theme/ink
2026-05-04T12:37:34.969Z expo:metro:tsconfig-paths @/components/ui -> /Users/weerachaipanthueng/Projects/Business/Farm-Project/mobile/src/components/ui
2026-05-04T12:37:34.969Z expo:metro:tsconfig-paths @/components/layout/Row -> /Users/weerachaipanthueng/Projects/Business/Farm-Project/mobile/src/components/layout/Row
2026-05-04T12:37:34.969Z expo:metro:tsconfig-paths @/utils/fmt -> /Users/weerachaipanthueng/Projects/Business/Farm-Project/mobile/src/utils/fmt
2026-05-04T12:37:34.970Z expo:metro:tsconfig-paths @/components/icons -> /Users/weerachaipanthueng/Projects/Business/Farm-Project/mobile/src/components/icons
2026-05-04T12:37:34.970Z expo:metro:tsconfig-paths @/theme/ThemeProvider -> /Users/weerachaipanthueng/Projects/Business/Farm-Project/mobile/src/theme/ThemeProvider
2026-05-04T12:37:34.970Z expo:metro:tsconfig-paths @/theme/tokens -> /Users/weerachaipanthueng/Projects/Business/Farm-Project/mobile/src/theme/tokens
2026-05-04T12:37:34.970Z expo:metro:tsconfig-paths @/theme/ink -> /Users/weerachaipanthueng/Projects/Business/Farm-Project/mobile/src/theme/ink
2026-05-04T12:37:35.055Z expo:start:server:metro:multi-platform Skipping production module: ./cjs/react-is.production.js
2026-05-04T12:37:35.111Z expo:start:server:metro:multi-platform Skipping production module: ./cjs/react-refresh-runtime.production.min.js
2026-05-04T12:37:35.137Z expo:metro:tsconfig-paths @/store/auth -> /Users/weerachaipanthueng/Projects/Business/Farm-Project/mobile/src/store/auth
2026-05-04T12:37:35.291Z expo:metro:withMetroResolvers Custom resolver (requestPostRewrites) threw: FailedToResolveNameError. (module: expo-asset, platform: ios, env: undefined, origin: /Users/weerachaipanthueng/Projects/Business/Farm-Project/mobile/node_modules/expo-font/build/FontLoader.js)
2026-05-04T12:37:35.291Z expo:start:server:metro:fallback-resolver Fallback resolution for ios: expo-asset -> from origin: expo
2026-05-04T12:37:35.303Z expo:start:server:metro:multi-platform Skipping production module: ./cjs/react-is.production.min.js
2026-05-04T12:37:35.320Z expo:start:server:metro:multi-platform Skipping production module: ./cjs/scheduler.native.production.js
| 2026-05-04T12:37:35.290Z expo:metro-config:supervising-transform-worker Loading custom transformer at "/Users/weerachaipanthueng/Projects/Business/Farm-Project/mobile/node_modules/react-native-css-interop/dist/metro/transformer.js"
| 2026-05-04T12:37:35.296Z expo:metro-config:supervising-transform-worker:module-mapper Redirected request "metro-transform-worker" -> "/Users/weerachaipanthueng/Projects/Business/Farm-Project/mobile/node_modules/metro-transform-worker/src/index.js"
| 2026-05-04T12:37:35.298Z expo:metro-config:supervising-transform-worker:module-mapper Redirected request "metro/private/Assets" -> "/Users/weerachaipanthueng/Projects/Business/Farm-Project/mobile/node_modules/metro/src/Assets.js"
| 2026-05-04T12:37:35.298Z expo:metro-config:supervising-transform-worker:module-mapper Redirected request "metro/private/Bundler/util" -> "/Users/weerachaipanthueng/Projects/Business/Farm-Project/mobile/node_modules/metro/src/Bundler/util.js"
| 2026-05-04T12:37:35.299Z expo:metro-config:supervising-transform-worker:module-mapper Redirected request "metro-cache" -> "/Users/weerachaipanthueng/Projects/Business/Farm-Project/mobile/node_modules/metro-cache/src/index.js"
| 2026-05-04T12:37:35.299Z expo:metro-config:supervising-transform-worker:module-mapper Redirected request "metro-cache-key" -> "/Users/weerachaipanthueng/Projects/Business/Farm-Project/mobile/node_modules/metro-cache-key/src/index.js"
| 2026-05-04T12:37:35.299Z expo:metro-config:supervising-transform-worker:module-mapper Redirected request "metro-source-map" -> "/Users/weerachaipanthueng/Projects/Business/Farm-Project/mobile/node_modules/metro-source-map/src/source-map.js"
| 2026-05-04T12:37:35.299Z expo:metro-config:supervising-transform-worker:module-mapper Redirected request "metro-transform-plugins" -> "/Users/weerachaipanthueng/Projects/Business/Farm-Project/mobile/node_modules/metro-transform-plugins/src/index.js"
| 2026-05-04T12:37:35.299Z expo:metro-config:supervising-transform-worker:module-mapper Redirected request "metro/private/ModuleGraph/worker/collectDependencies" -> "/Users/weerachaipanthueng/Projects/Business/Farm-Project/mobile/node_modules/metro/src/ModuleGraph/worker/collectDependencies.js"
| 2026-05-04T12:37:35.300Z expo:metro-config:supervising-transform-worker:module-mapper Redirected request "metro/private/ModuleGraph/worker/generateImportNames" -> "/Users/weerachaipanthueng/Projects/Business/Farm-Project/mobile/node_modules/metro/src/ModuleGraph/worker/generateImportNames.js"
| 2026-05-04T12:37:35.300Z expo:metro-config:supervising-transform-worker:module-mapper Redirected request "metro/private/ModuleGraph/worker/importLocationsPlugin" -> "/Users/weerachaipanthueng/Projects/Business/Farm-Project/mobile/node_modules/metro/src/ModuleGraph/worker/importLocationsPlugin.js"
| 2026-05-04T12:37:35.301Z expo:metro-config:supervising-transform-worker:module-mapper Redirected request "metro/private/ModuleGraph/worker/JsFileWrapping" -> "/Users/weerachaipanthueng/Projects/Business/Farm-Project/mobile/node_modules/metro/src/ModuleGraph/worker/JsFileWrapping.js"
2026-05-04T12:37:35.454Z expo:metro:withMetroResolvers Custom resolver (requestPostRewrites) threw: FailedToResolveNameError. (module: @react-native-masked-view/masked-view, platform: ios, env: undefined, origin: /Users/weerachaipanthueng/Projects/Business/Farm-Project/mobile/node_modules/@react-navigation/elements/lib/module/MaskedViewNative.js)
2026-05-04T12:37:35.454Z expo:metro:withMetroResolvers Custom resolver (requestPostRewrites) threw: FailedToResolveNameError. (module: @react-native-masked-view/masked-view, platform: ios, env: undefined, origin: /Users/weerachaipanthueng/Projects/Business/Farm-Project/mobile/node_modules/@react-navigation/elements/lib/module/MaskedViewNative.js)
2026-05-04T12:37:35.459Z expo:metro:withMetroResolvers Number of explored stacks: 2
2026-05-04T12:37:35.460Z expo:metro:withMetroResolvers Found inverse graph: {
  "frames": [
    {
      "origin": "/Users/weerachaipanthueng/Projects/Business/Farm-Project/mobile/node_modules/@react-navigation/elements/lib/module/MaskedViewNative.js",
      "request": "@react-native-masked-view/masked-view"
    },
    {
      "origin": "/Users/weerachaipanthueng/Projects/Business/Farm-Project/mobile/node_modules/@react-navigation/elements/lib/module/MaskedView.ios.js",
      "request": "./MaskedViewNative.js"
    },
    {
      "origin": "/Users/weerachaipanthueng/Projects/Business/Farm-Project/mobile/node_modules/@react-navigation/elements/lib/module/Header/HeaderBackButton.js",
      "request": "../MaskedView"
    },
    {
      "origin": "/Users/weerachaipanthueng/Projects/Business/Farm-Project/mobile/node_modules/@react-navigation/elements/lib/module/index.js",
      "request": "./Header/HeaderBackButton.js"
    },
    {
      "origin": "/Users/weerachaipanthueng/Projects/Business/Farm-Project/mobile/node_modules/@react-navigation/bottom-tabs/lib/module/views/BottomTabView.js",
      "request": "@react-navigation/elements"
    },
    {
      "origin": "/Users/weerachaipanthueng/Projects/Business/Farm-Project/mobile/node_modules/@react-navigation/bottom-tabs/lib/module/index.js",
      "request": "./views/BottomTabView.js"
    },
    {
      "origin": "/Users/weerachaipanthueng/Projects/Business/Farm-Project/mobile/node_modules/expo-router/build/views/ErrorBoundary.js",
      "request": "@react-navigation/bottom-tabs"
    },
    {
      "origin": "/Users/weerachaipanthueng/Projects/Business/Farm-Project/mobile/node_modules/expo-router/build/exports.js",
      "request": "./views/ErrorBoundary"
    },
    {
      "origin": "/Users/weerachaipanthueng/Projects/Business/Farm-Project/mobile/node_modules/expo-router/build/index.js",
      "request": "./exports"
    },
    {
      "origin": "/Users/weerachaipanthueng/Projects/Business/Farm-Project/mobile/src/app/(app)/(tabs)/_layout.tsx",
      "request": "expo-router"
    },
    {
      "origin": "/Users/weerachaipanthueng/Projects/Business/Farm-Project/mobile/src/app?ctx=3ab07f305c4346b25020dd398f4d6d4dc9229acb",
      "request": "/Users/weerachaipanthueng/Projects/Business/Farm-Project/mobile/src/app/(app)/(tabs)/_layout.tsx"
    }
  ],
  "serverRoot": true
}
| 2026-05-04T12:37:35.604Z expo:babel:server-data-loaders Skipping file outside app directory: /Users/weerachaipanthueng/Projects/Business/Farm-Project/mobile/src/data/index.ts
| 2026-05-04T12:37:35.607Z expo:babel:server-data-loaders Skipping file outside app directory: /Users/weerachaipanthueng/Projects/Business/Farm-Project/mobile/src/data/index.ts
| 2026-05-04T12:37:35.609Z expo:babel:server-data-loaders Skipping file outside app directory: /Users/weerachaipanthueng/Projects/Business/Farm-Project/mobile/src/data/index.ts
| 2026-05-04T12:37:35.611Z expo:babel:server-data-loaders Skipping file outside app directory: /Users/weerachaipanthueng/Projects/Business/Farm-Project/mobile/src/data/index.ts
2026-05-04T12:37:35.650Z expo:metro:tsconfig-paths @/api/queries -> /Users/weerachaipanthueng/Projects/Business/Farm-Project/mobile/src/api/queries
2026-05-04T12:37:35.651Z expo:metro:tsconfig-paths @/store/auth -> /Users/weerachaipanthueng/Projects/Business/Farm-Project/mobile/src/store/auth
2026-05-04T12:37:35.651Z expo:metro:tsconfig-paths @/mock/data -> /Users/weerachaipanthueng/Projects/Business/Farm-Project/mobile/src/mock/data
2026-05-04T12:37:35.694Z expo:metro-config:serializer:env-var Injecting environment variables in virtual module.
iOS Bundled 1744ms node_modules/expo-router/entry.js (1831 modules)
[CFNetwork] Task <A5357546-5891-4803-8401-B992242D0ED3>.<1> response ended
[CFNetwork] Task <A5357546-5891-4803-8401-B992242D0ED3>.<1> done using
Connection 2
[Network] [C2] event: client:connection_idle @1.807s
[Network] nw_protocol_socket_notify [C2.1.1:2]
nw_protocol_notification_type_connection_idle is true
[Network] [C2] event: client:connection_idle @1.807s
[Network] nw_protocol_socket_notify [C2.1.1:2]
nw_protocol_notification_type_connection_idle is true
[CFNetwork] Task <15F90272-AA36-4A2F-8FCC-2B7C34AE2C70>.<2> resuming,
timeouts(10.0, 604800.0) qos(0x19) voucher((null))
activity(00000000-0000-0000-0000-000000000000)
[Network] [C1] event: client:connection_idle @1.928s
[Network] nw_protocol_socket_notify [C1.1.1:2]
nw_protocol_notification_type_connection_idle is true
[CFNetwork] Task <15F90272-AA36-4A2F-8FCC-2B7C34AE2C70>.<2> now using Connection
1
[Network] [C1] event: client:connection_reused @1.928s
[Network] nw_protocol_socket_notify [C1.1.1:2]
nw_protocol_notification_type_connection_idle is false
[Security] SecTrustReportNetworkingAnalytics failed with error: -4
[CFNetwork] Task <15F90272-AA36-4A2F-8FCC-2B7C34AE2C70>.<2> sent request, body N
0
[CFNetwork] Task <15F90272-AA36-4A2F-8FCC-2B7C34AE2C70>.<2> received response,
status 200 content K
[CFNetwork] Task <15F90272-AA36-4A2F-8FCC-2B7C34AE2C70>.<2> response ended
[CFNetwork] Task <15F90272-AA36-4A2F-8FCC-2B7C34AE2C70>.<2> done using
Connection 1
[Network] [C1] event: client:connection_idle @1.930s
[Network] nw_protocol_socket_notify [C1.1.1:2]
nw_protocol_notification_type_connection_idle is true
[Network] [C1] event: client:connection_idle @1.930s
[CFNetwork] Task <15F90272-AA36-4A2F-8FCC-2B7C34AE2C70>.<2> summary for task
success {transaction_duration_ms=3, response_status=200, connection=1, reused=1,
reused_after_ms=0, request_start_ms=2, request_duration_ms=0,
response_start_ms=3, response_duration_ms=0, request_bytes=430,
request_throughput_kbps=19537, response_bytes=402,
response_throughput_kbps=7131, cache_hit=false}
[Network] nw_protocol_socket_notify [C1.1.1:2]
nw_protocol_notification_type_connection_idle is true
[CFNetwork] Task <15F90272-AA36-4A2F-8FCC-2B7C34AE2C70>.<2> finished
successfully
[CFNetwork] TCP Conn [3:0x106915ea0] using empty proxy configuration
[CFNetwork] Stream client bypassing proxies on TCP Conn [3:0x106915ea0]
[CFNetwork] TCP Conn 0x106915ea0 started
[Network] [C3 16A9403C-281A-41A6-949B-F68FF2A84A85 Hostname#dbd800c3:8081 tcp,
definite, attribution: developer, context: Default Network Context (private),
proc: 5BA52552-E806-361D-8ACF-2D2D7B27716E, delegated upid: 0, no proxy,
prohibit fallback, allow socket access] start
[Network] [C3 Hostname#dbd800c3:8081 initial parent-flow ((null))] event:
path:start @0.000s
[Network] [C3 Hostname#dbd800c3:8081 waiting parent-flow (satisfied (Path is
satisfied), interface: en0[802.11], uses wifi, LQM: unknown)] event:
path:satisfied @0.003s, uuid: 86EFDF09-8E1C-4F7F-8936-D1338C223D56
[libxpc.dylib] [0x10d010780] activating connection: mach=true listener=false
peer=false name=com.apple.lsd.advertisingidentifiers
[Network] [C3 Hostname#dbd800c3:8081 in_progress parent-flow (satisfied (Path is
satisfied), interface: en0[802.11], uses wifi, LQM: unknown)] event:
flow:start_connect @0.003s
[Network] nw_connection_report_state_with_handler_on_nw_queue [C3] reporting
state preparing
[Network] [C3 Hostname#dbd800c3:8081 in_progress parent-flow (satisfied (Path is
satisfied), interface: en0[802.11], uses wifi, LQM: unknown)] event:
flow:start_child @0.005s
[Network] [C3.1 Hostname#dbd800c3:8081 initial path ((null))] event: path:start
@0.005s
[Network] [C3.1 Hostname#dbd800c3:8081 waiting path (satisfied (Path is
satisfied), interface: en0[802.11], uses wifi, LQM: unknown)] event:
path:satisfied @0.005s, uuid: 86EFDF09-8E1C-4F7F-8936-D1338C223D56
[Network] [C3.1 Hostname#dbd800c3:8081 in_progress resolver (satisfied (Path is
satisfied), interface: en0[802.11], uses wifi, LQM: unknown)] event:
resolver:start_dns @0.005s
[Network] nw_endpoint_resolver_update [C3.1 Hostname#dbd800c3:8081 in_progress
resolver (satisfied (Path is satisfied), interface: en0[802.11], uses wifi, LQM:
unknown)] Adding endpoint handler for IPv6#417e27ec.8081
[Network] nw_endpoint_resolver_update [C3.1 Hostname#dbd800c3:8081 in_progress
resolver (satisfied (Path is satisfied), interface: en0[802.11], uses wifi, LQM:
unknown)] Adding endpoint handler for IPv4#71f6179c:8081
[Network] [C3.1 Hostname#dbd800c3:8081 in_progress resolver (satisfied (Path is
satisfied), interface: en0[802.11], uses wifi, LQM: unknown)] event:
resolver:receive_dns @0.009s
[Network] [C3.1.1 IPv6#417e27ec.8081 initial path ((null))] event: path:start
@0.009s
[Network] [C3.1.1 IPv6#417e27ec.8081 waiting path (satisfied (Path is
satisfied), interface: lo0)] event: path:satisfied @0.009s, uuid:
F62517ED-C4F3-425A-A36D-E068B2A2B1A9
[Network] nw_socket_initialize_socket [C3.1.1:1] Not guarding fd 14
[Network] [C3.1.1 IPv6#417e27ec.8081 in_progress socket-flow (satisfied (Path is
satisfied), interface: lo0)] event: flow:start_connect @0.010s
[Network] nw_socket_handle_socket_event [C3.1.1:1] Socket received CONNECTED
event
[Network] nw_flow_connected [C3.1.1 IPv6#417e27ec.8081 in_progress socket-flow
(satisfied (Path is satisfied), interface: lo0)] Output protocol connected
(socket)
[Network] [C3.1.1 IPv6#417e27ec.8081 ready socket-flow (satisfied (Path is
satisfied), interface: lo0)] event: flow:child_finish_connect @0.010s
[Network] [C3.1 Hostname#dbd800c3:8081 ready resolver (satisfied (Path is
satisfied), interface: en0[802.11], uses wifi, LQM: unknown)] event:
flow:child_finish_connect @0.010s
[Network] nw_flow_connected [C3 IPv6#417e27ec.8081 in_progress parent-flow
(satisfied (Path is satisfied), interface: en0[802.11], uses wifi, LQM:
unknown)] Output protocol connected (endpoint_flow)
[Network] [C3 IPv6#417e27ec.8081 ready parent-flow (satisfied (Path is
satisfied), interface: en0[802.11], uses wifi, LQM: unknown)] event:
flow:finish_connect @0.010s
[Network] nw_connection_report_state_with_handler_on_nw_queue [C3] reporting
state ready
[CFNetwork] TCP Conn 0x106915ea0 event 1. err: 0
[CFNetwork] TCP Conn 0x106915ea0 complete. fd: 15, err: 0
[CFNetwork] TCP Conn [4:0x106916a80] using empty proxy configuration
[CFNetwork] Stream client bypassing proxies on TCP Conn [4:0x106916a80]
[CFNetwork] TCP Conn 0x106916a80 started
[Network] [C4 E1181F3A-E475-46C2-BCB0-A1A9CE34611A Hostname#dbd800c3:8081 tcp,
definite, attribution: developer, context: Default Network Context (private),
proc: 5BA52552-E806-361D-8ACF-2D2D7B27716E, delegated upid: 0, no proxy,
prohibit fallback, allow socket access] start
[Network] [C4 Hostname#dbd800c3:8081 initial parent-flow ((null))] event:
path:start @0.000s
[Network] [C4 Hostname#dbd800c3:8081 waiting parent-flow (satisfied (Path is
satisfied), interface: en0[802.11], uses wifi, LQM: unknown)] event:
path:satisfied @0.000s, uuid: 86EFDF09-8E1C-4F7F-8936-D1338C223D56
 INFO  Connection established to app='com.farmos.mobile' on device='iPhone 17'.
[Network] [C4 Hostname#dbd800c3:8081 in_progress parent-flow (satisfied (Path is
satisfied), interface: en0[802.11], uses wifi, LQM: unknown)] event:
flow:start_connect @0.000s
[Network] nw_connection_report_state_with_handler_on_nw_queue [C4] reporting
state preparing
[Network] [C4 Hostname#dbd800c3:8081 in_progress parent-flow (satisfied (Path is
satisfied), interface: en0[802.11], uses wifi, LQM: unknown)] event:
flow:start_child @0.000s
[Network] [C4.1 Hostname#dbd800c3:8081 initial path ((null))] event: path:start
@0.000s
[Network] [C4.1 Hostname#dbd800c3:8081 waiting path (satisfied (Path is
satisfied), interface: en0[802.11], uses wifi, LQM: unknown)] event:
path:satisfied @0.000s, uuid: 86EFDF09-8E1C-4F7F-8936-D1338C223D56
[Network] [C4.1 Hostname#dbd800c3:8081 in_progress resolver (satisfied (Path is
satisfied), interface: en0[802.11], uses wifi, LQM: unknown)] event:
resolver:start_dns @0.000s
[CFNetwork] Connection 2: cleaning up
[Network] [C2 C398AC28-4101-450A-879F-4065FCC01130 Hostname#dbd800c3:8081 tcp,
url: http://localhost:8081/.expo/.virtual-metro-entry.bundle, definite,
attribution: developer] cancel
[Network] [C2 C398AC28-4101-450A-879F-4065FCC01130 Hostname#dbd800c3:8081 tcp,
url: http://localhost:8081/.expo/.virtual-metro-entry.bundle, definite,
attribution: developer] cancelled
[C2.1.1 B85758EF-C44C-4E1C-902D-B939FB79932A ::1.51843<->IPv6#417e27ec.8081]
Connected Path: satisfied (Path is satisfied), interface: lo0
Privacy Stance: Not Eligible
Duration: 1.838s, DNS @0.001s took 0.001s, TCP @0.003s took 0.000s
bytes in/out: 10414525/633, packets in/out: 764/1, rtt: 0.001s, retransmitted
bytes: 0, out-of-order bytes: 0
ecn packets sent/acked/marked/lost: 0/0/0/0
[Network] nw_connection_report_state_with_handler_on_nw_queue [C2] reporting
state cancelled
[Network] nw_endpoint_resolver_update [C4.1 Hostname#dbd800c3:8081 in_progress
resolver (satisfied (Path is satisfied), interface: en0[802.11], uses wifi, LQM:
unknown)] Adding endpoint handler for IPv6#417e27ec.8081
[Network] nw_endpoint_resolver_update [C4.1 Hostname#dbd800c3:8081 in_progress
resolver (satisfied (Path is satisfied), interface: en0[802.11], uses wifi, LQM:
unknown)] Adding endpoint handler for IPv4#71f6179c:8081
[Network] [C4.1 Hostname#dbd800c3:8081 in_progress resolver (satisfied (Path is
satisfied), interface: en0[802.11], uses wifi, LQM: unknown)] event:
resolver:receive_dns @0.002s
[Network] [C4.1.1 IPv6#417e27ec.8081 initial path ((null))] event: path:start
@0.002s
[Network] [C4.1.1 IPv6#417e27ec.8081 waiting path (satisfied (Path is
satisfied), interface: lo0)] event: path:satisfied @0.002s, uuid:
F62517ED-C4F3-425A-A36D-E068B2A2B1A9
[Network] nw_socket_initialize_socket [C4.1.1:1] Not guarding fd 13
[Network] [C4.1.1 IPv6#417e27ec.8081 in_progress socket-flow (satisfied (Path is
satisfied), interface: lo0)] event: flow:start_connect @0.002s
[Network] nw_socket_handle_socket_event [C4.1.1:1] Socket received CONNECTED
event
[Network] nw_flow_connected [C4.1.1 IPv6#417e27ec.8081 in_progress socket-flow
(satisfied (Path is satisfied), interface: lo0)] Output protocol connected
(socket)
[Network] [C4.1.1 IPv6#417e27ec.8081 ready socket-flow (satisfied (Path is
satisfied), interface: lo0)] event: flow:child_finish_connect @0.003s
[Network] [C4.1 Hostname#dbd800c3:8081 ready resolver (satisfied (Path is
satisfied), interface: en0[802.11], uses wifi, LQM: unknown)] event:
flow:child_finish_connect @0.003s
[Network] nw_flow_connected [C4 IPv6#417e27ec.8081 in_progress parent-flow
(satisfied (Path is satisfied), interface: en0[802.11], uses wifi, LQM:
unknown)] Output protocol connected (endpoint_flow)
[Network] [C4 IPv6#417e27ec.8081 ready parent-flow (satisfied (Path is
satisfied), interface: en0[802.11], uses wifi, LQM: unknown)] event:
flow:finish_connect @0.003s
[Network] nw_connection_report_state_with_handler_on_nw_queue [C4] reporting
state ready
[CFNetwork] TCP Conn 0x106916a80 event 1. err: 0
[CFNetwork] TCP Conn 0x106916a80 complete. fd: 18, err: 0
[CFNetwork] TCP Conn [5:0x106915ae0] using empty proxy configuration
[CFNetwork] Stream client bypassing proxies on TCP Conn [5:0x106915ae0]
[CFNetwork] TCP Conn 0x106915ae0 started
[Network] [C5 DD847896-6A9F-423C-9CD2-6FFA089C87F6 Hostname#c7e32ab1:8097 tcp,
definite, attribution: developer, context: Default Network Context (private),
proc: 5BA52552-E806-361D-8ACF-2D2D7B27716E, delegated upid: 0, no proxy,
prohibit fallback, allow socket access] start
[Network] [C5 Hostname#c7e32ab1:8097 initial parent-flow ((null))] event:
path:start @0.000s
[Network] [C5 Hostname#c7e32ab1:8097 waiting parent-flow (satisfied (Path is
satisfied), interface: en0[802.11], uses wifi, LQM: unknown)] event:
path:satisfied @0.000s, uuid: 1D932A95-4DED-4C4F-B34D-932236159CDD
[Network] [C5 Hostname#c7e32ab1:8097 in_progress parent-flow (satisfied (Path is
satisfied), interface: en0[802.11], uses wifi, LQM: unknown)] event:
flow:start_connect @0.000s
[Network] nw_connection_report_state_with_handler_on_nw_queue [C5] reporting
state preparing
[Network] [C5 Hostname#c7e32ab1:8097 in_progress parent-flow (satisfied (Path is
satisfied), interface: en0[802.11], uses wifi, LQM: unknown)] event:
flow:start_child @0.000s
[Network] [C5.1 Hostname#c7e32ab1:8097 initial path ((null))] event: path:start
@0.000s
[Network] [C5.1 Hostname#c7e32ab1:8097 waiting path (satisfied (Path is
satisfied), interface: en0[802.11], uses wifi, LQM: unknown)] event:
path:satisfied @0.000s, uuid: 1D932A95-4DED-4C4F-B34D-932236159CDD
[Network] [C5.1 Hostname#c7e32ab1:8097 in_progress resolver (satisfied (Path is
satisfied), interface: en0[802.11], uses wifi, LQM: unknown)] event:
resolver:start_dns @0.000s
[Network] nw_endpoint_resolver_update [C5.1 Hostname#c7e32ab1:8097 in_progress
resolver (satisfied (Path is satisfied), interface: en0[802.11], uses wifi, LQM:
unknown)] Adding endpoint handler for IPv6#417e27ec.8097
[Network] nw_endpoint_resolver_update [C5.1 Hostname#c7e32ab1:8097 in_progress
resolver (satisfied (Path is satisfied), interface: en0[802.11], uses wifi, LQM:
unknown)] Adding endpoint handler for IPv4#71f6179c:8097
[Network] [C5.1 Hostname#c7e32ab1:8097 in_progress resolver (satisfied (Path is
satisfied), interface: en0[802.11], uses wifi, LQM: unknown)] event:
resolver:receive_dns @0.001s
[Network] [C5.1.1 IPv6#417e27ec.8097 initial path ((null))] event: path:start
@0.001s
[Network] [C5.1.1 IPv6#417e27ec.8097 waiting path (satisfied (Path is
satisfied), interface: lo0)] event: path:satisfied @0.001s, uuid:
5DCD05D5-1B25-4C40-8DC3-F7E2739B2698
[Network] nw_socket_initialize_socket [C5.1.1:1] Not guarding fd 19
[Network] [C5.1.1 IPv6#417e27ec.8097 in_progress socket-flow (satisfied (Path is
satisfied), interface: lo0)] event: flow:start_connect @0.001s
[Network] nw_socket_handle_socket_event [C5.1.1:1] Socket received CONNRESET
event
[Network] nw_socket_handle_socket_event [C5.1.1:1] Socket received DISCONNECTED
event
[Network] nw_socket_handle_socket_event [C5.1.1:1] Socket SO_ERROR [61:
Connection refused]
[Network] nw_endpoint_flow_failed_with_error [C5.1.1 IPv6#417e27ec.8097
in_progress socket-flow (satisfied (Path is satisfied), interface: lo0)] already
failing, returning
[Network] [C5.1.1 IPv6#417e27ec.8097 failed socket-flow (satisfied (Path is
satisfied), interface: lo0)] event: flow:failed_connect @0.002s, error
Connection refused
[Network] [C5.1.2 IPv4#71f6179c:8097 initial path ((null))] event: path:start
@0.002s
[Network] [C5.1.2 IPv4#71f6179c:8097 waiting path (satisfied (Path is
satisfied), interface: lo0)] event: path:satisfied @0.002s, uuid:
69497E6D-77BF-458B-8BC7-A2583EDC07B8
[Network] nw_socket_initialize_socket [C5.1.2:1] Not guarding fd 19
[Network] [C5.1.2 IPv4#71f6179c:8097 in_progress socket-flow (satisfied (Path is
satisfied), interface: lo0)] event: flow:start_connect @0.002s
[Network] nw_socket_handle_socket_event [C5.1.2:1] Socket received CONNRESET
event
[Network] nw_socket_handle_socket_event [C5.1.2:1] Socket received DISCONNECTED
event
[Network] nw_socket_handle_socket_event [C5.1.2:1] Socket SO_ERROR [61:
Connection refused]
[Network] nw_endpoint_flow_failed_with_error [C5.1.2 IPv4#71f6179c:8097
in_progress socket-flow (satisfied (Path is satisfied), interface: lo0)] already
failing, returning
[Network] [C5.1.2 IPv4#71f6179c:8097 failed socket-flow (satisfied (Path is
satisfied), interface: lo0)] event: flow:failed_connect @0.003s, error
Connection refused
[Network] [C5.1 Hostname#c7e32ab1:8097 in_progress resolver (satisfied (Path is
satisfied), interface: en0[802.11], uses wifi, LQM: unknown)] event:
resolver:children_stall @0.003s
[Network] [C5.1 Hostname#c7e32ab1:8097 failed resolver (satisfied (Path is
satisfied), interface: en0[802.11], uses wifi, LQM: unknown)] event:
resolver:children_failed @0.003s
[Network] nw_endpoint_flow_failed_with_error [C5.1.2 IPv4#71f6179c:8097
cancelled socket-flow ((null))] already failing, returning
[Network] [C5 Hostname#c7e32ab1:8097 failed parent-flow (satisfied (Path is
satisfied), interface: en0[802.11], uses wifi, LQM: unknown)] event:
flow:child_failed @0.003s
[Network] nw_connection_report_state_with_handler_on_nw_queue [C5] reporting
state failed error Connection refused
[CFNetwork] TCP Conn 0x106915ae0 event 3. err: 61
[Network] nw_connection_get_connected_socket_block_invoke [C5] Client called
nw_connection_get_connected_socket on unconnected nw_connection
[CFNetwork] TCP Conn 0x106915ae0 complete. fd: -1, err: 61
[CFNetwork] TCP Conn 0x106915ae0 Failed : error 0:61 [61]
[CFNetwork] TCP Conn 0x106915ae0 canceled
[Network] [C5 DD847896-6A9F-423C-9CD2-6FFA089C87F6 Hostname#c7e32ab1:8097 tcp,
legacy-socket, definite, attribution: developer] cancel
[Network] [C5 Hostname#c7e32ab1:8097 tcp, legacy-socket, definite, attribution:
developer] cancelled
[Network] nw_connection_report_state_with_handler_on_nw_queue [C5] reporting
state cancelled error Connection refused
[CFNetwork] TCP Conn [6:0x106915ae0] using empty proxy configuration
[CFNetwork] Stream client bypassing proxies on TCP Conn [6:0x106915ae0]
[CFNetwork] TCP Conn 0x106915ae0 started
[Network] [C6 D35BDBE1-1BC7-49BB-B072-DF55A4113F4B Hostname#dbd800c3:8081 tcp,
definite, attribution: developer, context: Default Network Context (private),
proc: 5BA52552-E806-361D-8ACF-2D2D7B27716E, delegated upid: 0, no proxy,
prohibit fallback, allow socket access] start
[Network] [C6 Hostname#dbd800c3:8081 initial parent-flow ((null))] event:
path:start @0.000s
[Network] [C6 Hostname#dbd800c3:8081 waiting parent-flow (satisfied (Path is
satisfied), interface: en0[802.11], uses wifi, LQM: unknown)] event:
path:satisfied @0.000s, uuid: 86EFDF09-8E1C-4F7F-8936-D1338C223D56
[Network] [C6 Hostname#dbd800c3:8081 in_progress parent-flow (satisfied (Path is
satisfied), interface: en0[802.11], uses wifi, LQM: unknown)] event:
flow:start_connect @0.000s
[Network] nw_connection_report_state_with_handler_on_nw_queue [C6] reporting
state preparing
[Network] [C6 Hostname#dbd800c3:8081 in_progress parent-flow (satisfied (Path is
satisfied), interface: en0[802.11], uses wifi, LQM: unknown)] event:
flow:start_child @0.000s
[Network] [C6.1 Hostname#dbd800c3:8081 initial path ((null))] event: path:start
@0.000s
[Network] [C6.1 Hostname#dbd800c3:8081 waiting path (satisfied (Path is
satisfied), interface: en0[802.11], uses wifi, LQM: unknown)] event:
path:satisfied @0.000s, uuid: 86EFDF09-8E1C-4F7F-8936-D1338C223D56
[Network] [C6.1 Hostname#dbd800c3:8081 in_progress resolver (satisfied (Path is
satisfied), interface: en0[802.11], uses wifi, LQM: unknown)] event:
resolver:start_dns @0.001s
[Network] nw_endpoint_resolver_update [C6.1 Hostname#dbd800c3:8081 in_progress
resolver (satisfied (Path is satisfied), interface: en0[802.11], uses wifi, LQM:
unknown)] Adding endpoint handler for IPv6#417e27ec.8081
[Network] nw_endpoint_resolver_update [C6.1 Hostname#dbd800c3:8081 in_progress
resolver (satisfied (Path is satisfied), interface: en0[802.11], uses wifi, LQM:
unknown)] Adding endpoint handler for IPv4#71f6179c:8081
[Network] [C6.1 Hostname#dbd800c3:8081 in_progress resolver (satisfied (Path is
satisfied), interface: en0[802.11], uses wifi, LQM: unknown)] event:
resolver:receive_dns @0.002s
[Network] [C6.1.1 IPv6#417e27ec.8081 initial path ((null))] event: path:start
@0.003s
[Network] [C6.1.1 IPv6#417e27ec.8081 waiting path (satisfied (Path is
satisfied), interface: lo0)] event: path:satisfied @0.003s, uuid:
F62517ED-C4F3-425A-A36D-E068B2A2B1A9
[Network] nw_socket_initialize_socket [C6.1.1:1] Not guarding fd 19
[Network] [C6.1.1 IPv6#417e27ec.8081 in_progress socket-flow (satisfied (Path is
satisfied), interface: lo0)] event: flow:start_connect @0.004s
[Network] nw_socket_handle_socket_event [C6.1.1:1] Socket received CONNECTED
event
[Network] nw_flow_connected [C6.1.1 IPv6#417e27ec.8081 in_progress socket-flow
(satisfied (Path is satisfied), interface: lo0)] Output protocol connected
(socket)
[Network] [C6.1.1 IPv6#417e27ec.8081 ready socket-flow (satisfied (Path is
satisfied), interface: lo0)] event: flow:child_finish_connect @0.005s
[Network] [C6.1 Hostname#dbd800c3:8081 ready resolver (satisfied (Path is
satisfied), interface: en0[802.11], uses wifi, LQM: unknown)] event:
flow:child_finish_connect @0.005s
[Network] nw_flow_connected [C6 IPv6#417e27ec.8081 in_progress parent-flow
(satisfied (Path is satisfied), interface: en0[802.11], uses wifi, LQM:
unknown)] Output protocol connected (endpoint_flow)
[Network] [C6 IPv6#417e27ec.8081 ready parent-flow (satisfied (Path is
satisfied), interface: en0[802.11], uses wifi, LQM: unknown)] event:
flow:finish_connect @0.005s
[Network] nw_connection_report_state_with_handler_on_nw_queue [C6] reporting
state ready
[CFNetwork] TCP Conn 0x106915ae0 event 1. err: 0
[CFNetwork] TCP Conn 0x106915ae0 complete. fd: 20, err: 0
[CFNetwork] TCP Conn [7:0x106916d00] using empty proxy configuration
[CFNetwork] Stream client bypassing proxies on TCP Conn [7:0x106916d00]
[CFNetwork] TCP Conn 0x106916d00 started
[Network] [C7 3ABE4702-6B8C-415D-8BF2-A2E22F54E691 Hostname#dbd800c3:8081 tcp,
definite, attribution: developer, context: Default Network Context (private),
proc: 5BA52552-E806-361D-8ACF-2D2D7B27716E, delegated upid: 0, no proxy,
prohibit fallback, allow socket access] start
[Network] [C7 Hostname#dbd800c3:8081 initial parent-flow ((null))] event:
path:start @0.000s
[Network] [C7 Hostname#dbd800c3:8081 waiting parent-flow (satisfied (Path is
satisfied), interface: en0[802.11], uses wifi, LQM: unknown)] event:
path:satisfied @0.000s, uuid: 86EFDF09-8E1C-4F7F-8936-D1338C223D56
[Network] [C7 Hostname#dbd800c3:8081 in_progress parent-flow (satisfied (Path is
satisfied), interface: en0[802.11], uses wifi, LQM: unknown)] event:
flow:start_connect @0.000s
[Network] nw_connection_report_state_with_handler_on_nw_queue [C7] reporting
state preparing
[Network] [C7 Hostname#dbd800c3:8081 in_progress parent-flow (satisfied (Path is
satisfied), interface: en0[802.11], uses wifi, LQM: unknown)] event:
flow:start_child @0.000s
[Network] [C7.1 Hostname#dbd800c3:8081 initial path ((null))] event: path:start
@0.000s
[Network] [C7.1 Hostname#dbd800c3:8081 waiting path (satisfied (Path is
satisfied), interface: en0[802.11], uses wifi, LQM: unknown)] event:
path:satisfied @0.000s, uuid: 86EFDF09-8E1C-4F7F-8936-D1338C223D56
[Network] [C7.1 Hostname#dbd800c3:8081 in_progress resolver (satisfied (Path is
satisfied), interface: en0[802.11], uses wifi, LQM: unknown)] event:
resolver:start_dns @0.000s
[Network] nw_endpoint_resolver_update [C7.1 Hostname#dbd800c3:8081 in_progress
resolver (satisfied (Path is satisfied), interface: en0[802.11], uses wifi, LQM:
unknown)] Adding endpoint handler for IPv6#417e27ec.8081
[Network] nw_endpoint_resolver_update [C7.1 Hostname#dbd800c3:8081 in_progress
resolver (satisfied (Path is satisfied), interface: en0[802.11], uses wifi, LQM:
unknown)] Adding endpoint handler for IPv4#71f6179c:8081
[Network] [C7.1 Hostname#dbd800c3:8081 in_progress resolver (satisfied (Path is
satisfied), interface: en0[802.11], uses wifi, LQM: unknown)] event:
resolver:receive_dns @0.001s
[Network] [C7.1.1 IPv6#417e27ec.8081 initial path ((null))] event: path:start
@0.001s
[Network] [C7.1.1 IPv6#417e27ec.8081 waiting path (satisfied (Path is
satisfied), interface: lo0)] event: path:satisfied @0.001s, uuid:
F62517ED-C4F3-425A-A36D-E068B2A2B1A9
[Network] nw_socket_initialize_socket [C7.1.1:1] Not guarding fd 21
[Network] [C7.1.1 IPv6#417e27ec.8081 in_progress socket-flow (satisfied (Path is
satisfied), interface: lo0)] event: flow:start_connect @0.001s
[Network] nw_socket_handle_socket_event [C7.1.1:1] Socket received CONNECTED
event
[Network] nw_flow_connected [C7.1.1 IPv6#417e27ec.8081 in_progress socket-flow
(satisfied (Path is satisfied), interface: lo0)] Output protocol connected
(socket)
[Network] [C7.1.1 IPv6#417e27ec.8081 ready socket-flow (satisfied (Path is
satisfied), interface: lo0)] event: flow:child_finish_connect @0.002s
[Network] [C7.1 Hostname#dbd800c3:8081 ready resolver (satisfied (Path is
satisfied), interface: en0[802.11], uses wifi, LQM: unknown)] event:
flow:child_finish_connect @0.002s
[Network] nw_flow_connected [C7 IPv6#417e27ec.8081 in_progress parent-flow
(satisfied (Path is satisfied), interface: en0[802.11], uses wifi, LQM:
unknown)] Output protocol connected (endpoint_flow)
[Network] [C7 IPv6#417e27ec.8081 ready parent-flow (satisfied (Path is
satisfied), interface: en0[802.11], uses wifi, LQM: unknown)] event:
flow:finish_connect @0.002s
[Network] nw_connection_report_state_with_handler_on_nw_queue [C7] reporting
state ready
[CFNetwork] TCP Conn 0x106916d00 event 1. err: 0
[CFNetwork] TCP Conn 0x106916d00 complete. fd: 22, err: 0
2026-05-04T12:37:36.542Z expo:prebuild-config:expo-splash-screen:ios config: {
  backgroundColor: '#fafaf7',
  image: './assets/splash-icon.png',
  imageWidth: 200,
  resizeMode: 'contain',
  dark: {}
}
2026-05-04T12:37:36.545Z expo:metro:config:rewriteRequestUrl Rewriting magic request url to entry point {
  url: 'http://localhost:8081/.expo/.virtual-metro-entry.bundle?platform=ios&dev=true&lazy=true&minify=false&inlineSourceMap=false&modulesOnly=false&runModule=true&excludeSource=true&sourcePaths=url-server&app=com.farmos.mobile',
  platform: 'ios'
}
2026-05-04T12:37:36.547Z expo:metro:config:rewriteRequestUrl Using src/app as the root directory for Expo Router.
2026-05-04T12:37:36.547Z expo:metro:config:rewriteRequestUrl Enabling Hermes for managed project
2026-05-04T12:37:36.548Z expo:metro:config:rewriteRequestUrl Resolved entry point {
  entry: '/Users/weerachaipanthueng/Projects/Business/Farm-Project/mobile/node_modules/expo-router/entry.js',
  relativeEntry: 'node_modules/expo-router/entry',
  serverRoot: '/Users/weerachaipanthueng/Projects/Business/Farm-Project/mobile'
}
2026-05-04T12:37:36.548Z expo:metro:config:rewriteRequestUrl Redirected: http://localhost:8081/node_modules/expo-router/entry.bundle?platform=ios&dev=true&lazy=true&minify=false&inlineSourceMap=false&modulesOnly=false&runModule=true&excludeSource=true&sourcePaths=url-server&app=com.farmos.mobile&transform.routerRoot=src%2Fapp&transform.engine=hermes&transform.bytecode=1&unstable_transformProfile=hermes-stable
[Security] Not internal release, disabling SIRL
[Security] SecSecurityClientGet new thread!
[libxpc.dylib] [0x10d012940] activating connection: mach=true listener=false
peer=false name=com.apple.securityd
[PrototypeTools] Not observing PTDefaults on customer install.
[UIKitCore] TX focusApplication (peekAppEvent) stealKB:Y
scene:com.farmos.mobile-default
[UIKitCore] Evaluating dispatch of UIEvent: 0x106918200; type: 0; subtype: 0;
backing type: 11; shouldSend: 1; ignoreInteractionEvents: 0,
systemGestureStateChange: 0
[UIKitCore] Sending UIEvent type: 0; subtype: 0; to windows: 1
[UIKitCore] Sending UIEvent type: 0; subtype: 0; to window: <UIWindow:
0x106a1c000>; contextId: 0x9CE392BB
[UIKitCore] Evaluating dispatch of UIEvent: 0x106918200; type: 0; subtype: 0;
backing type: 11; shouldSend: 0; ignoreInteractionEvents: 0,
systemGestureStateChange: 0
[UIKitCore] Evaluating dispatch of UIEvent: 0x106918200; type: 0; subtype: 0;
backing type: 11; shouldSend: 1; ignoreInteractionEvents: 0,
systemGestureStateChange: 0
[UIKitCore] Sending UIEvent type: 0; subtype: 0; to windows: 1
[UIKitCore] Sending UIEvent type: 0; subtype: 0; to window: <UIWindow:
0x106a1c000>; contextId: 0x9CE392BB
[UIKitCore] Evaluating dispatch of UIEvent: 0x106918200; type: 0; subtype: 0;
backing type: 11; shouldSend: 1; ignoreInteractionEvents: 0,
systemGestureStateChange: 0
[UIKitCore] Sending UIEvent type: 0; subtype: 0; to windows: 1
[UIKitCore] Sending UIEvent type: 0; subtype: 0; to window: <UIWindow:
0x106a1c000>; contextId: 0x9CE392BB
[UIKitCore] Evaluating dispatch of UIEvent: 0x106918200; type: 0; subtype: 0;
backing type: 11; shouldSend: 0; ignoreInteractionEvents: 0,
systemGestureStateChange: 1
[UIKitCore] Evaluating dispatch of UIEvent: 0x106918200; type: 0; subtype: 0;
backing type: 11; shouldSend: 1; ignoreInteractionEvents: 0,
systemGestureStateChange: 0
[UIKitCore] Sending UIEvent type: 0; subtype: 0; to windows: 1
[UIKitCore] Sending UIEvent type: 0; subtype: 0; to window: <UIWindow:
0x106a1c000>; contextId: 0x9CE392BB
[UIKitCore] Evaluating dispatch of UIEvent: 0x106918200; type: 0; subtype: 0;
backing type: 11; shouldSend: 1; ignoreInteractionEvents: 0,
systemGestureStateChange: 0
[UIKitCore] Sending UIEvent type: 0; subtype: 0; to windows: 1
[UIKitCore] Sending UIEvent type: 0; subtype: 0; to window: <UIWindow:
0x106a1c000>; contextId: 0x9CE392BB
[UIKitCore] Evaluating dispatch of UIEvent: 0x106918200; type: 0; subtype: 0;
backing type: 11; shouldSend: 1; ignoreInteractionEvents: 0,
systemGestureStateChange: 0
[UIKitCore] Sending UIEvent type: 0; subtype: 0; to windows: 1
[UIKitCore] Sending UIEvent type: 0; subtype: 0; to window: <UIWindow:
0x106a1c000>; contextId: 0x9CE392BB
[UIKitCore] Evaluating dispatch of UIEvent: 0x106918200; type: 0; subtype: 0;
backing type: 11; shouldSend: 1; ignoreInteractionEvents: 0,
systemGestureStateChange: 0
[UIKitCore] Sending UIEvent type: 0; subtype: 0; to windows: 1
[UIKitCore] Sending UIEvent type: 0; subtype: 0; to window: <UIWindow:
0x106a1c000>; contextId: 0x9CE392BB
[UIKitCore] Evaluating dispatch of UIEvent: 0x106918200; type: 0; subtype: 0;
backing type: 11; shouldSend: 1; ignoreInteractionEvents: 0,
systemGestureStateChange: 0
[UIKitCore] Sending UIEvent type: 0; subtype: 0; to windows: 1
[UIKitCore] Sending UIEvent type: 0; subtype: 0; to window: <UIWindow:
0x106a1c000>; contextId: 0x9CE392BB
[UIKitCore] Evaluating dispatch of UIEvent: 0x106918200; type: 0; subtype: 0;
backing type: 11; shouldSend: 1; ignoreInteractionEvents: 0,
systemGestureStateChange: 0
[UIKitCore] Sending UIEvent type: 0; subtype: 0; to windows: 1
[UIKitCore] Sending UIEvent type: 0; subtype: 0; to window: <UIWindow:
0x106a1c000>; contextId: 0x9CE392BB
[UIKitCore] Evaluating dispatch of UIEvent: 0x106918200; type: 0; subtype: 0;
backing type: 11; shouldSend: 1; ignoreInteractionEvents: 0,
systemGestureStateChange: 0
[UIKitCore] Sending UIEvent type: 0; subtype: 0; to windows: 1
[UIKitCore] Sending UIEvent type: 0; subtype: 0; to window: <UIWindow:
0x106a1c000>; contextId: 0x9CE392BB
[UIKitCore] Evaluating dispatch of UIEvent: 0x106918200; type: 0; subtype: 0;
backing type: 11; shouldSend: 1; ignoreInteractionEvents: 0,
systemGestureStateChange: 0
[UIKitCore] Sending UIEvent type: 0; subtype: 0; to windows: 1
[UIKitCore] Sending UIEvent type: 0; subtype: 0; to window: <UIWindow:
0x106a1c000>; contextId: 0x9CE392BB
[UIKitCore] Evaluating dispatch of UIEvent: 0x106918200; type: 0; subtype: 0;
backing type: 11; shouldSend: 1; ignoreInteractionEvents: 0,
systemGestureStateChange: 0
[UIKitCore] Sending UIEvent type: 0; subtype: 0; to windows: 1
[UIKitCore] Sending UIEvent type: 0; subtype: 0; to window: <UIWindow:
0x106a1c000>; contextId: 0x9CE392BB
[UIKitCore] Evaluating dispatch of UIEvent: 0x106918200; type: 0; subtype: 0;
backing type: 11; shouldSend: 1; ignoreInteractionEvents: 0,
systemGestureStateChange: 0
[UIKitCore] Sending UIEvent type: 0; subtype: 0; to windows: 1
[UIKitCore] Sending UIEvent type: 0; subtype: 0; to window: <UIWindow:
0x106a1c000>; contextId: 0x9CE392BB
[UIKitCore] Evaluating dispatch of UIEvent: 0x106918200; type: 0; subtype: 0;
backing type: 11; shouldSend: 1; ignoreInteractionEvents: 0,
systemGestureStateChange: 0
[UIKitCore] Sending UIEvent type: 0; subtype: 0; to windows: 1
[UIKitCore] Sending UIEvent type: 0; subtype: 0; to window: <UIWindow:
0x106a1c000>; contextId: 0x9CE392BB
[UIKitCore] Evaluating dispatch of UIEvent: 0x106918200; type: 0; subtype: 0;
backing type: 11; shouldSend: 1; ignoreInteractionEvents: 0,
systemGestureStateChange: 0
[UIKitCore] Sending UIEvent type: 0; subtype: 0; to windows: 1
[UIKitCore] Sending UIEvent type: 0; subtype: 0; to window: <UIWindow:
0x106a1c000>; contextId: 0x9CE392BB
[UIKitCore] Evaluating dispatch of UIEvent: 0x106918200; type: 0; subtype: 0;
backing type: 11; shouldSend: 1; ignoreInteractionEvents: 0,
systemGestureStateChange: 0
[UIKitCore] Sending UIEvent type: 0; subtype: 0; to windows: 1
[UIKitCore] Sending UIEvent type: 0; subtype: 0; to window: <UIWindow:
0x106a1c000>; contextId: 0x9CE392BB
[UIKitCore] TX focusApplication (peekAppEvent) stealKB:Y
scene:com.farmos.mobile-default
[UIKitCore] Evaluating dispatch of UIEvent: 0x106918200; type: 0; subtype: 0;
backing type: 11; shouldSend: 1; ignoreInteractionEvents: 0,
systemGestureStateChange: 0
[UIKitCore] Sending UIEvent type: 0; subtype: 0; to windows: 1
[UIKitCore] Sending UIEvent type: 0; subtype: 0; to window: <UIWindow:
0x106a1c000>; contextId: 0x9CE392BB
[UIKitCore] Evaluating dispatch of UIEvent: 0x106918200; type: 0; subtype: 0;
backing type: 11; shouldSend: 1; ignoreInteractionEvents: 0,
systemGestureStateChange: 0
[UIKitCore] Sending UIEvent type: 0; subtype: 0; to windows: 1
[UIKitCore] Sending UIEvent type: 0; subtype: 0; to window: <UIWindow:
0x106a1c000>; contextId: 0x9CE392BB
[UIKitCore] Evaluating dispatch of UIEvent: 0x106918200; type: 0; subtype: 0;
backing type: 11; shouldSend: 1; ignoreInteractionEvents: 0,
systemGestureStateChange: 0
[UIKitCore] Sending UIEvent type: 0; subtype: 0; to windows: 1
[UIKitCore] Sending UIEvent type: 0; subtype: 0; to window: <UIWindow:
0x106a1c000>; contextId: 0x9CE392BB
[UIKitCore] Evaluating dispatch of UIEvent: 0x106918200; type: 0; subtype: 0;
backing type: 11; shouldSend: 1; ignoreInteractionEvents: 0,
systemGestureStateChange: 0
[UIKitCore] Sending UIEvent type: 0; subtype: 0; to windows: 1
[UIKitCore] Sending UIEvent type: 0; subtype: 0; to window: <UIWindow:
0x106a1c000>; contextId: 0x9CE392BB
[UIKitCore] Evaluating dispatch of UIEvent: 0x106918200; type: 0; subtype: 0;
backing type: 11; shouldSend: 0; ignoreInteractionEvents: 0,
systemGestureStateChange: 1
[UIKitCore] Evaluating dispatch of UIEvent: 0x106918200; type: 0; subtype: 0;
backing type: 11; shouldSend: 1; ignoreInteractionEvents: 0,
systemGestureStateChange: 0
[UIKitCore] Sending UIEvent type: 0; subtype: 0; to windows: 1
[UIKitCore] Sending UIEvent type: 0; subtype: 0; to window: <UIWindow:
0x106a1c000>; contextId: 0x9CE392BB
[UIKitCore] Evaluating dispatch of UIEvent: 0x106918200; type: 0; subtype: 0;
backing type: 11; shouldSend: 1; ignoreInteractionEvents: 0,
systemGestureStateChange: 0
[UIKitCore] Sending UIEvent type: 0; subtype: 0; to windows: 1
[UIKitCore] Sending UIEvent type: 0; subtype: 0; to window: <UIWindow:
0x106a1c000>; contextId: 0x9CE392BB
[UIKitCore] Evaluating dispatch of UIEvent: 0x106918200; type: 0; subtype: 0;
backing type: 11; shouldSend: 1; ignoreInteractionEvents: 0,
systemGestureStateChange: 0
[UIKitCore] Sending UIEvent type: 0; subtype: 0; to windows: 1
[UIKitCore] Sending UIEvent type: 0; subtype: 0; to window: <UIWindow:
0x106a1c000>; contextId: 0x9CE392BB
[UIKitCore] Evaluating dispatch of UIEvent: 0x106918200; type: 0; subtype: 0;
backing type: 11; shouldSend: 1; ignoreInteractionEvents: 0,
systemGestureStateChange: 0
[UIKitCore] Sending UIEvent type: 0; subtype: 0; to windows: 1
[UIKitCore] Sending UIEvent type: 0; subtype: 0; to window: <UIWindow:
0x106a1c000>; contextId: 0x9CE392BB
[UIKitCore] Evaluating dispatch of UIEvent: 0x106918200; type: 0; subtype: 0;
backing type: 11; shouldSend: 1; ignoreInteractionEvents: 0,
systemGestureStateChange: 0
[UIKitCore] Sending UIEvent type: 0; subtype: 0; to windows: 1
[UIKitCore] Sending UIEvent type: 0; subtype: 0; to window: <UIWindow:
0x106a1c000>; contextId: 0x9CE392BB
[UIKitCore] Evaluating dispatch of UIEvent: 0x106918200; type: 0; subtype: 0;
backing type: 11; shouldSend: 1; ignoreInteractionEvents: 0,
systemGestureStateChange: 0
[UIKitCore] Sending UIEvent type: 0; subtype: 0; to windows: 1
[UIKitCore] Sending UIEvent type: 0; subtype: 0; to window: <UIWindow:
0x106a1c000>; contextId: 0x9CE392BB
[UIKitCore] Evaluating dispatch of UIEvent: 0x106918200; type: 0; subtype: 0;
backing type: 11; shouldSend: 1; ignoreInteractionEvents: 0,
systemGestureStateChange: 0
[UIKitCore] Sending UIEvent type: 0; subtype: 0; to windows: 1
[UIKitCore] Sending UIEvent type: 0; subtype: 0; to window: <UIWindow:
0x106a1c000>; contextId: 0x9CE392BB
[UIKitCore] Evaluating dispatch of UIEvent: 0x106918200; type: 0; subtype: 0;
backing type: 11; shouldSend: 1; ignoreInteractionEvents: 0,
systemGestureStateChange: 0
[UIKitCore] Sending UIEvent type: 0; subtype: 0; to windows: 1
[UIKitCore] Sending UIEvent type: 0; subtype: 0; to window: <UIWindow:
0x106a1c000>; contextId: 0x9CE392BB
[UIKitCore] Evaluating dispatch of UIEvent: 0x106918200; type: 0; subtype: 0;
backing type: 11; shouldSend: 1; ignoreInteractionEvents: 0,
systemGestureStateChange: 0
[UIKitCore] Sending UIEvent type: 0; subtype: 0; to windows: 1
[UIKitCore] Sending UIEvent type: 0; subtype: 0; to window: <UIWindow:
0x106a1c000>; contextId: 0x9CE392BB
[UIKitCore] Evaluating dispatch of UIEvent: 0x106918200; type: 0; subtype: 0;
backing type: 11; shouldSend: 1; ignoreInteractionEvents: 0,
systemGestureStateChange: 0
[UIKitCore] Sending UIEvent type: 0; subtype: 0; to windows: 1
[UIKitCore] Sending UIEvent type: 0; subtype: 0; to window: <UIWindow:
0x106a1c000>; contextId: 0x9CE392BB
[UIKitCore] TX focusApplication (peekAppEvent) stealKB:Y
scene:com.farmos.mobile-default
[UIKitCore] Evaluating dispatch of UIEvent: 0x106918200; type: 0; subtype: 0;
backing type: 11; shouldSend: 1; ignoreInteractionEvents: 0,
systemGestureStateChange: 0
[UIKitCore] Sending UIEvent type: 0; subtype: 0; to windows: 1
[UIKitCore] Sending UIEvent type: 0; subtype: 0; to window: <UIWindow:
0x106a1c000>; contextId: 0x9CE392BB
[UIKitCore] Evaluating dispatch of UIEvent: 0x106918200; type: 0; subtype: 0;
backing type: 11; shouldSend: 1; ignoreInteractionEvents: 0,
systemGestureStateChange: 0
[UIKitCore] Sending UIEvent type: 0; subtype: 0; to windows: 1
[UIKitCore] Sending UIEvent type: 0; subtype: 0; to window: <UIWindow:
0x106a1c000>; contextId: 0x9CE392BB
[UIKitCore] Evaluating dispatch of UIEvent: 0x106918200; type: 0; subtype: 0;
backing type: 11; shouldSend: 1; ignoreInteractionEvents: 0,
systemGestureStateChange: 0
[UIKitCore] Sending UIEvent type: 0; subtype: 0; to windows: 1
[UIKitCore] Sending UIEvent type: 0; subtype: 0; to window: <UIWindow:
0x106a1c000>; contextId: 0x9CE392BB
[UIKitCore] Evaluating dispatch of UIEvent: 0x106918200; type: 0; subtype: 0;
backing type: 11; shouldSend: 1; ignoreInteractionEvents: 0,
systemGestureStateChange: 0
[UIKitCore] Sending UIEvent type: 0; subtype: 0; to windows: 1
[UIKitCore] Sending UIEvent type: 0; subtype: 0; to window: <UIWindow:
0x106a1c000>; contextId: 0x9CE392BB
[UIKitCore] Evaluating dispatch of UIEvent: 0x106918200; type: 0; subtype: 0;
backing type: 11; shouldSend: 1; ignoreInteractionEvents: 0,
systemGestureStateChange: 0
[UIKitCore] Sending UIEvent type: 0; subtype: 0; to windows: 1
[UIKitCore] Sending UIEvent type: 0; subtype: 0; to window: <UIWindow:
0x106a1c000>; contextId: 0x9CE392BB
[UIKitCore] Evaluating dispatch of UIEvent: 0x106918200; type: 0; subtype: 0;
backing type: 11; shouldSend: 1; ignoreInteractionEvents: 0,
systemGestureStateChange: 0
[UIKitCore] Sending UIEvent type: 0; subtype: 0; to windows: 1
[UIKitCore] Sending UIEvent type: 0; subtype: 0; to window: <UIWindow:
0x106a1c000>; contextId: 0x9CE392BB
[UIKitCore] Evaluating dispatch of UIEvent: 0x106918200; type: 0; subtype: 0;
backing type: 11; shouldSend: 0; ignoreInteractionEvents: 0,
systemGestureStateChange: 0
[UIKitCore] Evaluating dispatch of UIEvent: 0x106918200; type: 0; subtype: 0;
backing type: 11; shouldSend: 1; ignoreInteractionEvents: 0,
systemGestureStateChange: 0
[UIKitCore] Sending UIEvent type: 0; subtype: 0; to windows: 1
[UIKitCore] Sending UIEvent type: 0; subtype: 0; to window: <UIWindow:
0x106a1c000>; contextId: 0x9CE392BB
[UIKitCore] Evaluating dispatch of UIEvent: 0x106918200; type: 0; subtype: 0;
backing type: 11; shouldSend: 1; ignoreInteractionEvents: 0,
systemGestureStateChange: 0
[UIKitCore] Sending UIEvent type: 0; subtype: 0; to windows: 1
[UIKitCore] Sending UIEvent type: 0; subtype: 0; to window: <UIWindow:
0x106a1c000>; contextId: 0x9CE392BB
[UIKitCore] Evaluating dispatch of UIEvent: 0x106918200; type: 0; subtype: 0;
backing type: 11; shouldSend: 0; ignoreInteractionEvents: 0,
systemGestureStateChange: 1
[UIKitCore] Evaluating dispatch of UIEvent: 0x106918200; type: 0; subtype: 0;
backing type: 11; shouldSend: 1; ignoreInteractionEvents: 0,
systemGestureStateChange: 0
[UIKitCore] Sending UIEvent type: 0; subtype: 0; to windows: 1
[UIKitCore] Sending UIEvent type: 0; subtype: 0; to window: <UIWindow:
0x106a1c000>; contextId: 0x9CE392BB
[UIKitCore] Evaluating dispatch of UIEvent: 0x106918200; type: 0; subtype: 0;
backing type: 11; shouldSend: 1; ignoreInteractionEvents: 0,
systemGestureStateChange: 0
[UIKitCore] Sending UIEvent type: 0; subtype: 0; to windows: 1
[UIKitCore] Sending UIEvent type: 0; subtype: 0; to window: <UIWindow:
0x106a1c000>; contextId: 0x9CE392BB
[UIKitCore] Evaluating dispatch of UIEvent: 0x106918200; type: 0; subtype: 0;
backing type: 11; shouldSend: 1; ignoreInteractionEvents: 0,
systemGestureStateChange: 0
[UIKitCore] Sending UIEvent type: 0; subtype: 0; to windows: 1
[UIKitCore] Sending UIEvent type: 0; subtype: 0; to window: <UIWindow:
0x106a1c000>; contextId: 0x9CE392BB
[UIKitCore] Evaluating dispatch of UIEvent: 0x106918200; type: 0; subtype: 0;
backing type: 11; shouldSend: 1; ignoreInteractionEvents: 0,
systemGestureStateChange: 0
[UIKitCore] Sending UIEvent type: 0; subtype: 0; to windows: 1
[UIKitCore] Sending UIEvent type: 0; subtype: 0; to window: <UIWindow:
0x106a1c000>; contextId: 0x9CE392BB
[UIKitCore] Evaluating dispatch of UIEvent: 0x106918200; type: 0; subtype: 0;
backing type: 11; shouldSend: 1; ignoreInteractionEvents: 0,
systemGestureStateChange: 0
[UIKitCore] Sending UIEvent type: 0; subtype: 0; to windows: 1
[UIKitCore] Sending UIEvent type: 0; subtype: 0; to window: <UIWindow:
0x106a1c000>; contextId: 0x9CE392BB
[UIKitCore] Evaluating dispatch of UIEvent: 0x106918200; type: 0; subtype: 0;
backing type: 11; shouldSend: 1; ignoreInteractionEvents: 0,
systemGestureStateChange: 0
[UIKitCore] Sending UIEvent type: 0; subtype: 0; to windows: 1
[UIKitCore] Sending UIEvent type: 0; subtype: 0; to window: <UIWindow:
0x106a1c000>; contextId: 0x9CE392BB
[UIKitCore] Evaluating dispatch of UIEvent: 0x106918200; type: 0; subtype: 0;
backing type: 11; shouldSend: 1; ignoreInteractionEvents: 0,
systemGestureStateChange: 0
[UIKitCore] Sending UIEvent type: 0; subtype: 0; to windows: 1
[UIKitCore] Sending UIEvent type: 0; subtype: 0; to window: <UIWindow:
0x106a1c000>; contextId: 0x9CE392BB
[UIKitCore] Evaluating dispatch of UIEvent: 0x106918200; type: 0; subtype: 0;
backing type: 11; shouldSend: 1; ignoreInteractionEvents: 0,
systemGestureStateChange: 0
[UIKitCore] Sending UIEvent type: 0; subtype: 0; to windows: 1
[UIKitCore] Sending UIEvent type: 0; subtype: 0; to window: <UIWindow:
0x106a1c000>; contextId: 0x9CE392BB
[UIKitCore] Evaluating dispatch of UIEvent: 0x106918200; type: 0; subtype: 0;
backing type: 11; shouldSend: 1; ignoreInteractionEvents: 0,
systemGestureStateChange: 0
[UIKitCore] Sending UIEvent type: 0; subtype: 0; to windows: 1
[UIKitCore] Sending UIEvent type: 0; subtype: 0; to window: <UIWindow:
0x106a1c000>; contextId: 0x9CE392BB
[UIKitCore] Evaluating dispatch of UIEvent: 0x106918200; type: 0; subtype: 0;
backing type: 11; shouldSend: 1; ignoreInteractionEvents: 0,
systemGestureStateChange: 0
[UIKitCore] Sending UIEvent type: 0; subtype: 0; to windows: 1
[UIKitCore] Sending UIEvent type: 0; subtype: 0; to window: <UIWindow:
0x106a1c000>; contextId: 0x9CE392BB
[UIKitCore] Evaluating dispatch of UIEvent: 0x106918200; type: 0; subtype: 0;
backing type: 11; shouldSend: 1; ignoreInteractionEvents: 0,
systemGestureStateChange: 0
[UIKitCore] Sending UIEvent type: 0; subtype: 0; to windows: 1
[UIKitCore] Sending UIEvent type: 0; subtype: 0; to window: <UIWindow:
0x106a1c000>; contextId: 0x9CE392BB
[UIKitCore] Evaluating dispatch of UIEvent: 0x106918200; type: 0; subtype: 0;
backing type: 11; shouldSend: 1; ignoreInteractionEvents: 0,
systemGestureStateChange: 0
[UIKitCore] Sending UIEvent type: 0; subtype: 0; to windows: 1
[UIKitCore] Sending UIEvent type: 0; subtype: 0; to window: <UIWindow:
0x106a1c000>; contextId: 0x9CE392BB
[UIKitCore] Evaluating dispatch of UIEvent: 0x106918200; type: 0; subtype: 0;
backing type: 11; shouldSend: 1; ignoreInteractionEvents: 0,
systemGestureStateChange: 0
[UIKitCore] Sending UIEvent type: 0; subtype: 0; to windows: 1
[UIKitCore] Sending UIEvent type: 0; subtype: 0; to window: <UIWindow:
0x106a1c000>; contextId: 0x9CE392BB
[UIKitCore] Evaluating dispatch of UIEvent: 0x106918200; type: 0; subtype: 0;
backing type: 11; shouldSend: 1; ignoreInteractionEvents: 0,
systemGestureStateChange: 0
[UIKitCore] Sending UIEvent type: 0; subtype: 0; to windows: 1
[UIKitCore] Sending UIEvent type: 0; subtype: 0; to window: <UIWindow:
0x106a1c000>; contextId: 0x9CE392BB
[UIKitCore] Evaluating dispatch of UIEvent: 0x106918200; type: 0; subtype: 0;
backing type: 11; shouldSend: 1; ignoreInteractionEvents: 0,
systemGestureStateChange: 0
[UIKitCore] Sending UIEvent type: 0; subtype: 0; to windows: 1
[UIKitCore] Sending UIEvent type: 0; subtype: 0; to window: <UIWindow:
0x106a1c000>; contextId: 0x9CE392BB
[UIKitCore] Evaluating dispatch of UIEvent: 0x106918200; type: 0; subtype: 0;
backing type: 11; shouldSend: 1; ignoreInteractionEvents: 0,
systemGestureStateChange: 0
[UIKitCore] Sending UIEvent type: 0; subtype: 0; to windows: 1
[UIKitCore] Sending UIEvent type: 0; subtype: 0; to window: <UIWindow:
0x106a1c000>; contextId: 0x9CE392BB
[UIKitCore] Evaluating dispatch of UIEvent: 0x106918200; type: 0; subtype: 0;
backing type: 11; shouldSend: 1; ignoreInteractionEvents: 0,
systemGestureStateChange: 0
[UIKitCore] Sending UIEvent type: 0; subtype: 0; to windows: 1
[UIKitCore] Sending UIEvent type: 0; subtype: 0; to window: <UIWindow:
0x106a1c000>; contextId: 0x9CE392BB
[UIKitCore] Evaluating dispatch of UIEvent: 0x106918200; type: 0; subtype: 0;
backing type: 11; shouldSend: 1; ignoreInteractionEvents: 0,
systemGestureStateChange: 0
[UIKitCore] Sending UIEvent type: 0; subtype: 0; to windows: 1
[UIKitCore] Sending UIEvent type: 0; subtype: 0; to window: <UIWindow:
0x106a1c000>; contextId: 0x9CE392BB
[UIKitCore] Evaluating dispatch of UIEvent: 0x106918200; type: 0; subtype: 0;
backing type: 11; shouldSend: 1; ignoreInteractionEvents: 0,
systemGestureStateChange: 0
[UIKitCore] Sending UIEvent type: 0; subtype: 0; to windows: 1
[UIKitCore] Sending UIEvent type: 0; subtype: 0; to window: <UIWindow:
0x106a1c000>; contextId: 0x9CE392BB
[UIKitCore] Evaluating dispatch of UIEvent: 0x106918200; type: 0; subtype: 0;
backing type: 11; shouldSend: 1; ignoreInteractionEvents: 0,
systemGestureStateChange: 0
[UIKitCore] Sending UIEvent type: 0; subtype: 0; to windows: 1
[UIKitCore] Sending UIEvent type: 0; subtype: 0; to window: <UIWindow:
0x106a1c000>; contextId: 0x9CE392BB
[UIKitCore] Evaluating dispatch of UIEvent: 0x106918200; type: 0; subtype: 0;
backing type: 11; shouldSend: 1; ignoreInteractionEvents: 0,
systemGestureStateChange: 0
[UIKitCore] Sending UIEvent type: 0; subtype: 0; to windows: 1
[UIKitCore] Sending UIEvent type: 0; subtype: 0; to window: <UIWindow:
0x106a1c000>; contextId: 0x9CE392BB
[UIKitCore] TX focusApplication (peekAppEvent) stealKB:Y
scene:com.farmos.mobile-default
[UIKitCore] Evaluating dispatch of UIEvent: 0x106918200; type: 0; subtype: 0;
backing type: 11; shouldSend: 1; ignoreInteractionEvents: 0,
systemGestureStateChange: 0
[UIKitCore] Sending UIEvent type: 0; subtype: 0; to windows: 1
[UIKitCore] Sending UIEvent type: 0; subtype: 0; to window: <UIWindow:
0x106a1c000>; contextId: 0x9CE392BB
[UIKitCore] Evaluating dispatch of UIEvent: 0x106918200; type: 0; subtype: 0;
backing type: 11; shouldSend: 1; ignoreInteractionEvents: 0,
systemGestureStateChange: 0
[UIKitCore] Sending UIEvent type: 0; subtype: 0; to windows: 1
[UIKitCore] Sending UIEvent type: 0; subtype: 0; to window: <UIWindow:
0x106a1c000>; contextId: 0x9CE392BB
[UIKitCore] Evaluating dispatch of UIEvent: 0x106918200; type: 0; subtype: 0;
backing type: 11; shouldSend: 1; ignoreInteractionEvents: 0,
systemGestureStateChange: 0
[UIKitCore] Sending UIEvent type: 0; subtype: 0; to windows: 1
[UIKitCore] Sending UIEvent type: 0; subtype: 0; to window: <UIWindow:
0x106a1c000>; contextId: 0x9CE392BB
[UIKitCore] Evaluating dispatch of UIEvent: 0x106918200; type: 0; subtype: 0;
backing type: 11; shouldSend: 1; ignoreInteractionEvents: 0,
systemGestureStateChange: 0
[UIKitCore] Sending UIEvent type: 0; subtype: 0; to windows: 1
[UIKitCore] Sending UIEvent type: 0; subtype: 0; to window: <UIWindow:
0x106a1c000>; contextId: 0x9CE392BB
[UIKitCore] Evaluating dispatch of UIEvent: 0x106918200; type: 0; subtype: 0;
backing type: 11; shouldSend: 0; ignoreInteractionEvents: 0,
systemGestureStateChange: 1
[UIKitCore] Evaluating dispatch of UIEvent: 0x106918200; type: 0; subtype: 0;
backing type: 11; shouldSend: 1; ignoreInteractionEvents: 0,
systemGestureStateChange: 0
[UIKitCore] Sending UIEvent type: 0; subtype: 0; to windows: 1
[UIKitCore] Sending UIEvent type: 0; subtype: 0; to window: <UIWindow:
0x106a1c000>; contextId: 0x9CE392BB
[UIKitCore] Evaluating dispatch of UIEvent: 0x106918200; type: 0; subtype: 0;
backing type: 11; shouldSend: 1; ignoreInteractionEvents: 0,
systemGestureStateChange: 0
[UIKitCore] Sending UIEvent type: 0; subtype: 0; to windows: 1
[UIKitCore] Sending UIEvent type: 0; subtype: 0; to window: <UIWindow:
0x106a1c000>; contextId: 0x9CE392BB
[UIKitCore] Evaluating dispatch of UIEvent: 0x106918200; type: 0; subtype: 0;
backing type: 11; shouldSend: 1; ignoreInteractionEvents: 0,
systemGestureStateChange: 0
[UIKitCore] Sending UIEvent type: 0; subtype: 0; to windows: 1
[UIKitCore] Sending UIEvent type: 0; subtype: 0; to window: <UIWindow:
0x106a1c000>; contextId: 0x9CE392BB
[Network] nw_socket_handle_socket_event [C1.1.1:2] Socket received READ_CLOSE
event
[CFNetwork] Connection 1: read-side closed
[CFNetwork] Connection 1: cleaning up
[Network] [C1 ABCF8D40-B028-426B-95FE-DEB82C9FC293 Hostname#dbd800c3:8081 tcp,
url: http://localhost:8081/status, definite, attribution: developer] cancel
[Network] [C1 ABCF8D40-B028-426B-95FE-DEB82C9FC293 Hostname#dbd800c3:8081 tcp,
url: http://localhost:8081/status, definite, attribution: developer] cancelled
[C1.1.1 43D43506-A59D-4398-95E9-A0231A5A4DEB ::1.51842<->IPv6#417e27ec.8081]
Connected Path: satisfied (Path is satisfied), interface: lo0
Privacy Stance: Not Eligible
Duration: 7.930s, DNS @0.014s took 0.010s, TCP @0.052s took 0.001s
bytes in/out: 804/860, packets in/out: 3/2, rtt: 0.001s, retransmitted bytes: 0,
out-of-order bytes: 0
ecn packets sent/acked/marked/lost: 0/0/0/0
[Network] nw_connection_report_state_with_handler_on_nw_queue [C1] reporting
state cancelled
[CFNetwork] Connection 1: done
[UIKitCore] Evaluating dispatch of UIEvent: 0x106918200; type: 0; subtype: 0;
backing type: 11; shouldSend: 1; ignoreInteractionEvents: 0,
systemGestureStateChange: 0
[UIKitCore] Sending UIEvent type: 0; subtype: 0; to windows: 1
[UIKitCore] Sending UIEvent type: 0; subtype: 0; to window: <UIWindow:
0x106a1c000>; contextId: 0x9CE392BB
[UIKitCore] Evaluating dispatch of UIEvent: 0x106918200; type: 0; subtype: 0;
backing type: 11; shouldSend: 1; ignoreInteractionEvents: 0,
systemGestureStateChange: 0
[UIKitCore] Sending UIEvent type: 0; subtype: 0; to windows: 1
[UIKitCore] Sending UIEvent type: 0; subtype: 0; to window: <UIWindow:
0x106a1c000>; contextId: 0x9CE392BB
[UIKitCore] Evaluating dispatch of UIEvent: 0x106918200; type: 0; subtype: 0;
backing type: 11; shouldSend: 1; ignoreInteractionEvents: 0,
systemGestureStateChange: 0
[UIKitCore] Sending UIEvent type: 0; subtype: 0; to windows: 1
[UIKitCore] Sending UIEvent type: 0; subtype: 0; to window: <UIWindow:
0x106a1c000>; contextId: 0x9CE392BB
[UIKitCore] Evaluating dispatch of UIEvent: 0x106918200; type: 0; subtype: 0;
backing type: 11; shouldSend: 1; ignoreInteractionEvents: 0,
systemGestureStateChange: 0
[UIKitCore] Sending UIEvent type: 0; subtype: 0; to windows: 1
[UIKitCore] Sending UIEvent type: 0; subtype: 0; to window: <UIWindow:
0x106a1c000>; contextId: 0x9CE392BB
[UIKitCore] TX focusApplication (peekAppEvent) stealKB:Y
scene:com.farmos.mobile-default
[UIKitCore] Evaluating dispatch of UIEvent: 0x106918200; type: 0; subtype: 0;
backing type: 11; shouldSend: 1; ignoreInteractionEvents: 0,
systemGestureStateChange: 0
[UIKitCore] Sending UIEvent type: 0; subtype: 0; to windows: 1
[UIKitCore] Sending UIEvent type: 0; subtype: 0; to window: <UIWindow:
0x106a1c000>; contextId: 0x9CE392BB
[UIKitCore] Evaluating dispatch of UIEvent: 0x106918200; type: 0; subtype: 0;
backing type: 11; shouldSend: 1; ignoreInteractionEvents: 0,
systemGestureStateChange: 0
[UIKitCore] Sending UIEvent type: 0; subtype: 0; to windows: 1
[UIKitCore] Sending UIEvent type: 0; subtype: 0; to window: <UIWindow:
0x106a1c000>; contextId: 0x9CE392BB
[UIKitCore] Evaluating dispatch of UIEvent: 0x106918200; type: 0; subtype: 0;
backing type: 11; shouldSend: 1; ignoreInteractionEvents: 0,
systemGestureStateChange: 0
[UIKitCore] Sending UIEvent type: 0; subtype: 0; to windows: 1
[UIKitCore] Sending UIEvent type: 0; subtype: 0; to window: <UIWindow:
0x106a1c000>; contextId: 0x9CE392BB
[UIKitCore] Evaluating dispatch of UIEvent: 0x106918200; type: 0; subtype: 0;
backing type: 11; shouldSend: 0; ignoreInteractionEvents: 0,
systemGestureStateChange: 1
[UIKitCore] Evaluating dispatch of UIEvent: 0x106918200; type: 0; subtype: 0;
backing type: 11; shouldSend: 1; ignoreInteractionEvents: 0,
systemGestureStateChange: 0
[UIKitCore] Sending UIEvent type: 0; subtype: 0; to windows: 1
[UIKitCore] Sending UIEvent type: 0; subtype: 0; to window: <UIWindow:
0x106a1c000>; contextId: 0x9CE392BB
[UIKitCore] Evaluating dispatch of UIEvent: 0x106918200; type: 0; subtype: 0;
backing type: 11; shouldSend: 1; ignoreInteractionEvents: 0,
systemGestureStateChange: 0
[UIKitCore] Sending UIEvent type: 0; subtype: 0; to windows: 1
[UIKitCore] Sending UIEvent type: 0; subtype: 0; to window: <UIWindow:
0x106a1c000>; contextId: 0x9CE392BB
[UIKitCore] Evaluating dispatch of UIEvent: 0x106918200; type: 0; subtype: 0;
backing type: 11; shouldSend: 1; ignoreInteractionEvents: 0,
systemGestureStateChange: 0
[UIKitCore] Sending UIEvent type: 0; subtype: 0; to windows: 1
[UIKitCore] Sending UIEvent type: 0; subtype: 0; to window: <UIWindow:
0x106a1c000>; contextId: 0x9CE392BB
[UIKitCore] Evaluating dispatch of UIEvent: 0x106918200; type: 0; subtype: 0;
backing type: 11; shouldSend: 1; ignoreInteractionEvents: 0,
systemGestureStateChange: 0
[UIKitCore] Sending UIEvent type: 0; subtype: 0; to windows: 1
[UIKitCore] Sending UIEvent type: 0; subtype: 0; to window: <UIWindow:
0x106a1c000>; contextId: 0x9CE392BB
[UIKitCore] Evaluating dispatch of UIEvent: 0x106918200; type: 0; subtype: 0;
backing type: 11; shouldSend: 1; ignoreInteractionEvents: 0,
systemGestureStateChange: 0
[UIKitCore] Sending UIEvent type: 0; subtype: 0; to windows: 1
[UIKitCore] Sending UIEvent type: 0; subtype: 0; to window: <UIWindow:
0x106a1c000>; contextId: 0x9CE392BB
[UIKitCore] Evaluating dispatch of UIEvent: 0x106918200; type: 0; subtype: 0;
backing type: 11; shouldSend: 1; ignoreInteractionEvents: 0,
systemGestureStateChange: 0
[UIKitCore] Sending UIEvent type: 0; subtype: 0; to windows: 1
[UIKitCore] Sending UIEvent type: 0; subtype: 0; to window: <UIWindow:
0x106a1c000>; contextId: 0x9CE392BB
[UIKitCore] Evaluating dispatch of UIEvent: 0x106918200; type: 0; subtype: 0;
backing type: 11; shouldSend: 1; ignoreInteractionEvents: 0,
systemGestureStateChange: 0
[UIKitCore] Sending UIEvent type: 0; subtype: 0; to windows: 1
[UIKitCore] Sending UIEvent type: 0; subtype: 0; to window: <UIWindow:
0x106a1c000>; contextId: 0x9CE392BB
[UIKitCore] Evaluating dispatch of UIEvent: 0x106918200; type: 0; subtype: 0;
backing type: 11; shouldSend: 1; ignoreInteractionEvents: 0,
systemGestureStateChange: 0
[UIKitCore] Sending UIEvent type: 0; subtype: 0; to windows: 1
[UIKitCore] Sending UIEvent type: 0; subtype: 0; to window: <UIWindow:
0x106a1c000>; contextId: 0x9CE392BB
[UIKitCore] Evaluating dispatch of UIEvent: 0x106918200; type: 0; subtype: 0;
backing type: 11; shouldSend: 1; ignoreInteractionEvents: 0,
systemGestureStateChange: 0
[UIKitCore] Sending UIEvent type: 0; subtype: 0; to windows: 1
[UIKitCore] Sending UIEvent type: 0; subtype: 0; to window: <UIWindow:
0x106a1c000>; contextId: 0x9CE392BB
[UIKitCore] Evaluating dispatch of UIEvent: 0x106918200; type: 0; subtype: 0;
backing type: 11; shouldSend: 1; ignoreInteractionEvents: 0,
systemGestureStateChange: 0
[UIKitCore] Sending UIEvent type: 0; subtype: 0; to windows: 1
[UIKitCore] Sending UIEvent type: 0; subtype: 0; to window: <UIWindow:
0x106a1c000>; contextId: 0x9CE392BB
[UIKitCore] Evaluating dispatch of UIEvent: 0x106918200; type: 0; subtype: 0;
backing type: 11; shouldSend: 1; ignoreInteractionEvents: 0,
systemGestureStateChange: 0
[UIKitCore] Sending UIEvent type: 0; subtype: 0; to windows: 1
[UIKitCore] Sending UIEvent type: 0; subtype: 0; to window: <UIWindow:
0x106a1c000>; contextId: 0x9CE392BB
[UIKitCore] Evaluating dispatch of UIEvent: 0x106918200; type: 0; subtype: 0;
backing type: 11; shouldSend: 1; ignoreInteractionEvents: 0,
systemGestureStateChange: 0
[UIKitCore] Sending UIEvent type: 0; subtype: 0; to windows: 1
[UIKitCore] Sending UIEvent type: 0; subtype: 0; to window: <UIWindow:
0x106a1c000>; contextId: 0x9CE392BB
[UIKitCore] Evaluating dispatch of UIEvent: 0x106918200; type: 0; subtype: 0;
backing type: 11; shouldSend: 1; ignoreInteractionEvents: 0,
systemGestureStateChange: 0
[UIKitCore] Sending UIEvent type: 0; subtype: 0; to windows: 1
[UIKitCore] Sending UIEvent type: 0; subtype: 0; to window: <UIWindow:
0x106a1c000>; contextId: 0x9CE392BB
[UIKitCore] Evaluating dispatch of UIEvent: 0x106918200; type: 0; subtype: 0;
backing type: 11; shouldSend: 1; ignoreInteractionEvents: 0,
systemGestureStateChange: 0
[UIKitCore] Sending UIEvent type: 0; subtype: 0; to windows: 1
[UIKitCore] Sending UIEvent type: 0; subtype: 0; to window: <UIWindow:
0x106a1c000>; contextId: 0x9CE392BB
[UIKitCore] Evaluating dispatch of UIEvent: 0x106918200; type: 0; subtype: 0;
backing type: 11; shouldSend: 1; ignoreInteractionEvents: 0,
systemGestureStateChange: 0
[UIKitCore] Sending UIEvent type: 0; subtype: 0; to windows: 1
[UIKitCore] Sending UIEvent type: 0; subtype: 0; to window: <UIWindow:
0x106a1c000>; contextId: 0x9CE392BB
[UIKitCore] Evaluating dispatch of UIEvent: 0x106918200; type: 0; subtype: 0;
backing type: 11; shouldSend: 1; ignoreInteractionEvents: 0,
systemGestureStateChange: 0
[UIKitCore] Sending UIEvent type: 0; subtype: 0; to windows: 1
[UIKitCore] Sending UIEvent type: 0; subtype: 0; to window: <UIWindow:
0x106a1c000>; contextId: 0x9CE392BB
[UIKitCore] Evaluating dispatch of UIEvent: 0x106918200; type: 0; subtype: 0;
backing type: 11; shouldSend: 1; ignoreInteractionEvents: 0,
systemGestureStateChange: 0
[UIKitCore] Sending UIEvent type: 0; subtype: 0; to windows: 1
[UIKitCore] Sending UIEvent type: 0; subtype: 0; to window: <UIWindow:
0x106a1c000>; contextId: 0x9CE392BB
[UIKitCore] Evaluating dispatch of UIEvent: 0x106918200; type: 0; subtype: 0;
backing type: 11; shouldSend: 1; ignoreInteractionEvents: 0,
systemGestureStateChange: 0
[UIKitCore] Sending UIEvent type: 0; subtype: 0; to windows: 1
[UIKitCore] Sending UIEvent type: 0; subtype: 0; to window: <UIWindow:
0x106a1c000>; contextId: 0x9CE392BB
[UIKitCore] Evaluating dispatch of UIEvent: 0x106918200; type: 0; subtype: 0;
backing type: 11; shouldSend: 1; ignoreInteractionEvents: 0,
systemGestureStateChange: 0
[UIKitCore] Sending UIEvent type: 0; subtype: 0; to windows: 1
[UIKitCore] Sending UIEvent type: 0; subtype: 0; to window: <UIWindow:
0x106a1c000>; contextId: 0x9CE392BB
[UIKitCore] Evaluating dispatch of UIEvent: 0x106918200; type: 0; subtype: 0;
backing type: 11; shouldSend: 1; ignoreInteractionEvents: 0,
systemGestureStateChange: 0
[UIKitCore] Sending UIEvent type: 0; subtype: 0; to windows: 1
[UIKitCore] Sending UIEvent type: 0; subtype: 0; to window: <UIWindow:
0x106a1c000>; contextId: 0x9CE392BB
[UIKitCore] Evaluating dispatch of UIEvent: 0x106918200; type: 0; subtype: 0;
backing type: 11; shouldSend: 1; ignoreInteractionEvents: 0,
systemGestureStateChange: 0
[UIKitCore] Sending UIEvent type: 0; subtype: 0; to windows: 1
[UIKitCore] Sending UIEvent type: 0; subtype: 0; to window: <UIWindow:
0x106a1c000>; contextId: 0x9CE392BB
[UIKitCore] Evaluating dispatch of UIEvent: 0x106918200; type: 0; subtype: 0;
backing type: 11; shouldSend: 1; ignoreInteractionEvents: 0,
systemGestureStateChange: 0
[UIKitCore] Sending UIEvent type: 0; subtype: 0; to windows: 1
[UIKitCore] Sending UIEvent type: 0; subtype: 0; to window: <UIWindow:
0x106a1c000>; contextId: 0x9CE392BB
[UIKitCore] Evaluating dispatch of UIEvent: 0x106918200; type: 0; subtype: 0;
backing type: 11; shouldSend: 1; ignoreInteractionEvents: 0,
systemGestureStateChange: 0
[UIKitCore] Sending UIEvent type: 0; subtype: 0; to windows: 1
[UIKitCore] Sending UIEvent type: 0; subtype: 0; to window: <UIWindow:
0x106a1c000>; contextId: 0x9CE392BB
[UIKitCore] Evaluating dispatch of UIEvent: 0x106918200; type: 0; subtype: 0;
backing type: 11; shouldSend: 1; ignoreInteractionEvents: 0,
systemGestureStateChange: 0
[UIKitCore] Sending UIEvent type: 0; subtype: 0; to windows: 1
[UIKitCore] Sending UIEvent type: 0; subtype: 0; to window: <UIWindow:
0x106a1c000>; contextId: 0x9CE392BB
[UIKitCore] Evaluating dispatch of UIEvent: 0x106918200; type: 0; subtype: 0;
backing type: 11; shouldSend: 1; ignoreInteractionEvents: 0,
systemGestureStateChange: 0
[UIKitCore] Sending UIEvent type: 0; subtype: 0; to windows: 1
[UIKitCore] Sending UIEvent type: 0; subtype: 0; to window: <UIWindow:
0x106a1c000>; contextId: 0x9CE392BB
[UIKitCore] Evaluating dispatch of UIEvent: 0x106918200; type: 0; subtype: 0;
backing type: 11; shouldSend: 1; ignoreInteractionEvents: 0,
systemGestureStateChange: 0
[UIKitCore] Sending UIEvent type: 0; subtype: 0; to windows: 1
[UIKitCore] Sending UIEvent type: 0; subtype: 0; to window: <UIWindow:
0x106a1c000>; contextId: 0x9CE392BB
[UIKitCore] TX focusApplication (peekAppEvent) stealKB:Y
scene:com.farmos.mobile-default
[UIKitCore] Evaluating dispatch of UIEvent: 0x106918200; type: 0; subtype: 0;
backing type: 11; shouldSend: 1; ignoreInteractionEvents: 0,
systemGestureStateChange: 0
[UIKitCore] Sending UIEvent type: 0; subtype: 0; to windows: 1
[UIKitCore] Sending UIEvent type: 0; subtype: 0; to window: <UIWindow:
0x106a1c000>; contextId: 0x9CE392BB
[UIKitCore] Evaluating dispatch of UIEvent: 0x106918200; type: 0; subtype: 0;
backing type: 11; shouldSend: 1; ignoreInteractionEvents: 0,
systemGestureStateChange: 0
[UIKitCore] Sending UIEvent type: 0; subtype: 0; to windows: 1
[UIKitCore] Sending UIEvent type: 0; subtype: 0; to window: <UIWindow:
0x106a1c000>; contextId: 0x9CE392BB
[UIKitCore] Evaluating dispatch of UIEvent: 0x106918200; type: 0; subtype: 0;
backing type: 11; shouldSend: 1; ignoreInteractionEvents: 0,
systemGestureStateChange: 0
[UIKitCore] Sending UIEvent type: 0; subtype: 0; to windows: 1
[UIKitCore] Sending UIEvent type: 0; subtype: 0; to window: <UIWindow:
0x106a1c000>; contextId: 0x9CE392BB
[UIKitCore] Evaluating dispatch of UIEvent: 0x106918200; type: 0; subtype: 0;
backing type: 11; shouldSend: 1; ignoreInteractionEvents: 0,
systemGestureStateChange: 0
[UIKitCore] Sending UIEvent type: 0; subtype: 0; to windows: 1
[UIKitCore] Sending UIEvent type: 0; subtype: 0; to window: <UIWindow:
0x106a1c000>; contextId: 0x9CE392BB
[UIKitCore] Evaluating dispatch of UIEvent: 0x106918200; type: 0; subtype: 0;
backing type: 11; shouldSend: 1; ignoreInteractionEvents: 0,
systemGestureStateChange: 0
[UIKitCore] Sending UIEvent type: 0; subtype: 0; to windows: 1
[UIKitCore] Sending UIEvent type: 0; subtype: 0; to window: <UIWindow:
0x106a1c000>; contextId: 0x9CE392BB
[UIKitCore] Evaluating dispatch of UIEvent: 0x106918200; type: 0; subtype: 0;
backing type: 11; shouldSend: 1; ignoreInteractionEvents: 0,
systemGestureStateChange: 0
[UIKitCore] Sending UIEvent type: 0; subtype: 0; to windows: 1
[UIKitCore] Sending UIEvent type: 0; subtype: 0; to window: <UIWindow:
0x106a1c000>; contextId: 0x9CE392BB
[UIKitCore] Not push traits update to screen for new style 1, <UIWindowScene:
0x104144280> (4BDF63A4-9AB5-4167-B6DE-F09F4BF6A667)
[UIKitCore] sceneOfRecord: sceneID: sceneID:com.farmos.mobile-default
persistentID: 4BDF63A4-9AB5-4167-B6DE-F09F4BF6A667
[UIKitCore] Deactivation reason added: 0; deactivation reasons: 0 -> 1;
animating application lifecycle event: 1
[UIKitCore] Deactivation reason added: 12; deactivation reasons: 1 -> 4097;
animating application lifecycle event: 1
[BackBoardServices] policyStatus:<BKSHIDEventDeliveryPolicyObserver:
0x1068a3f00; token:
com.apple.frontboard.systemappservices/FBSceneManager:sceneID%3Acom.farmos.mobile-default;
status: none> was:ancestor
[UIKitCore] Scene target of keyboard event deferring environment did change: 0;
scene: UIWindowScene: 0x104144280; scene identity:
com.apple.frontboard.systemappservices/FBSceneManager:sceneID%3Acom.farmos.mobile-default
[UIKitCore] sceneOfRecord: sceneID: sceneID:com.farmos.mobile-default
persistentID: 4BDF63A4-9AB5-4167-B6DE-F09F4BF6A667
[UIKitCore] sceneOfRecord: sceneID: sceneID:com.farmos.mobile-default
persistentID: 4BDF63A4-9AB5-4167-B6DE-F09F4BF6A667
[UIKitCore] Deactivation reason added: 5; deactivation reasons: 4097 -> 4129;
animating application lifecycle event: 1
[UIKitCore] sceneOfRecord: sceneID: sceneID:com.farmos.mobile-default
persistentID: 4BDF63A4-9AB5-4167-B6DE-F09F4BF6A667
[UIKitCore] Deactivation reason removed: 5; deactivation reasons: 4129 -> 4097;
animating application lifecycle event: 1
[FrontBoardServices] [(FBSceneManager):sceneID:com.farmos.mobile-default]
Received action(s) in scene-update: <FBSceneSnapshotAction: 0x10e320010>
[UIKitCore] sceneOfRecord: sceneID: sceneID:com.farmos.mobile-default
persistentID: 4BDF63A4-9AB5-4167-B6DE-F09F4BF6A667
[libxpc.dylib] [0x10d010000] invalidated because the current process cancelled
the connection by calling xpc_connection_cancel()
[libxpc.dylib] [0x106a31590] Session canceled.
[UIKitCore] Deactivation reason added: 11; deactivation reasons: 4097 -> 6145;
animating application lifecycle event: 0
[UIKitCore] Will add backgroundTask with taskName: _UIRemoteKeyboard XPC
disconnection, expirationHandler: (null)
[UIKitCore] Creating new assertion because there is no existing background
assertion.
[UIKitCore] Creating new background assertion
[UIKitCore] Created new background assertion <BKSProcessAssertion: 0x117eb1400>
[UIKitCore] Incrementing reference count for background assertion
<BKSProcessAssertion: 0x117eb1400>
[UIKitCore] Created background task <_UIBackgroundTaskInfo: 0x1068d6f40>: taskID
= 2, taskName = _UIRemoteKeyboard XPC disconnection, creationTime = 445625
(elapsed = 0).
[UIKitCore] com.farmos.mobile(19806) invalidateConnection (appDidSuspend)
[libxpc.dylib] [0x1069ed680] invalidated because the current process cancelled
the connection by calling xpc_connection_cancel()
[UIKitCore] Will add backgroundTask with taskName:
com.apple.asset_manager.cache_resource_cleanup, expirationHandler:
<__NSMallocBlock__: 0x117cbec40>
[UIKitCore] Reusing background assertion <BKSProcessAssertion: 0x117eb1400>
[UIKitCore] Incrementing reference count for background assertion
<BKSProcessAssertion: 0x117eb1400>
[UIKitCore] Created background task <_UIBackgroundTaskInfo: 0x1068d5700>: taskID
= 3, taskName = com.apple.asset_manager.cache_resource_cleanup, creationTime =
445625 (elapsed = 0).
[UIKitCore] Ending background task with UIBackgroundTaskIdentifier: 3
[UIKitCore] Ending task with identifier 3 and description:
<_UIBackgroundTaskInfo: 0x1068d5700>: taskID = 3, taskName =
com.apple.asset_manager.cache_resource_cleanup, creationTime = 445625 (elapsed =
0), _expireHandler: <__NSMallocBlock__: 0x117cbec40>
[UIKitCore] Decrementing reference count for assertion <BKSProcessAssertion:
0x117eb1400> (used by background task with identifier 3: <_UIBackgroundTaskInfo:
0x1068d5700>: taskID = 3, taskName =
com.apple.asset_manager.cache_resource_cleanup, creationTime = 445625 (elapsed =
0))
[UIKitCore] Will add backgroundTask with taskName:
com.apple.asset_manager.cache_resource_cleanup, expirationHandler:
<__NSMallocBlock__: 0x117cbec40>
[UIKitCore] Reusing background assertion <BKSProcessAssertion: 0x117eb1400>
[UIKitCore] Incrementing reference count for background assertion
<BKSProcessAssertion: 0x117eb1400>
[UIKitCore] Created background task <_UIBackgroundTaskInfo: 0x1068d5700>: taskID
= 4, taskName = com.apple.asset_manager.cache_resource_cleanup, creationTime =
445625 (elapsed = 0).
[UIKitCore] Ending background task with UIBackgroundTaskIdentifier: 4
[UIKitCore] Ending task with identifier 4 and description:
<_UIBackgroundTaskInfo: 0x1068d5700>: taskID = 4, taskName =
com.apple.asset_manager.cache_resource_cleanup, creationTime = 445625 (elapsed =
0), _expireHandler: <__NSMallocBlock__: 0x117cbec40>
[UIKitCore] Decrementing reference count for assertion <BKSProcessAssertion:
0x117eb1400> (used by background task with identifier 4: <_UIBackgroundTaskInfo:
0x1068d5700>: taskID = 4, taskName =
com.apple.asset_manager.cache_resource_cleanup, creationTime = 445625 (elapsed =
0))
[UIIntelligenceSupport] agent connection cancelled (details: Session manually
canceled)
[libxpc.dylib] [0x106a31590] Disposing of session
[UIKitCore] Will add backgroundTask with taskName:
com.apple.asset_manager.cache_resource_cleanup, expirationHandler:
<__NSMallocBlock__: 0x117cbee80>
[UIKitCore] Reusing background assertion <BKSProcessAssertion: 0x117eb1400>
[UIKitCore] Incrementing reference count for background assertion
<BKSProcessAssertion: 0x117eb1400>
[UIKitCore] Created background task <_UIBackgroundTaskInfo: 0x1068d6440>: taskID
= 5, taskName = com.apple.asset_manager.cache_resource_cleanup, creationTime =
445625 (elapsed = 0).
[UIKitCore] Ending background task with UIBackgroundTaskIdentifier: 5
[UIKitCore] Ending task with identifier 5 and description:
<_UIBackgroundTaskInfo: 0x1068d6440>: taskID = 5, taskName =
com.apple.asset_manager.cache_resource_cleanup, creationTime = 445625 (elapsed =
0), _expireHandler: <__NSMallocBlock__: 0x117cbee80>
[UIKitCore] Decrementing reference count for assertion <BKSProcessAssertion:
0x117eb1400> (used by background task with identifier 5: <_UIBackgroundTaskInfo:
0x1068d6440>: taskID = 5, taskName =
com.apple.asset_manager.cache_resource_cleanup, creationTime = 445625 (elapsed =
0))
[UIKitCore] Deactivation reason removed: 0; deactivation reasons: 6145 -> 6144;
animating application lifecycle event: 0
[UIKitCore] Will add backgroundTask with taskName:
com.apple.uikit.applicationSnapshot, expirationHandler: <__NSMallocBlock__:
0x117cbecd0>
[UIKitCore] Reusing background assertion <BKSProcessAssertion: 0x117eb1400>
[UIKitCore] Incrementing reference count for background assertion
<BKSProcessAssertion: 0x117eb1400>
[UIKitCore] Created background task <_UIBackgroundTaskInfo: 0x1068d62c0>: taskID
= 6, taskName = com.apple.uikit.applicationSnapshot, creationTime = 445625
(elapsed = 0).
[UIKitCore] Push traits update to screen for new style 1, <UIWindowScene:
0x104144280> (4BDF63A4-9AB5-4167-B6DE-F09F4BF6A667)
[UIKitCore] Should not send trait collection or coordinate space update,
interface style 1 -> 1, <UIWindowScene: 0x104144280>
(4BDF63A4-9AB5-4167-B6DE-F09F4BF6A667)
[FrontBoardServices] Performing snapshot request 0x10d17c810 (type 1)
[FrontBoardServices] [(FBSceneManager):sceneID:com.farmos.mobile-default]
Sending action(s): <FBSSceneSnapshotRequestAction: 0x4d5e0000>
[FrontBoardServices] Snapshot request 0x10d17c810 complete
[UIKitCore] Push traits update to screen for new style 1, <UIWindowScene:
0x104144280> (4BDF63A4-9AB5-4167-B6DE-F09F4BF6A667)
[UIKitCore] Should not send trait collection or coordinate space update,
interface style 2 -> 2, <UIWindowScene: 0x104144280>
(4BDF63A4-9AB5-4167-B6DE-F09F4BF6A667)
[FrontBoardServices] Performing snapshot request 0x117f97db0 (type 1)
[FrontBoardServices] [(FBSceneManager):sceneID:com.farmos.mobile-default]
Sending action(s): <FBSSceneSnapshotRequestAction: 0x4d5e0001>
[FrontBoardServices] Snapshot request 0x117f97db0 complete
[UIKitCore] Ending background task with UIBackgroundTaskIdentifier: 6
[UIKitCore] Ending task with identifier 6 and description:
<_UIBackgroundTaskInfo: 0x1068d62c0>: taskID = 6, taskName =
com.apple.uikit.applicationSnapshot, creationTime = 445625 (elapsed = 0),
_expireHandler: <__NSMallocBlock__: 0x117cbecd0>
[UIKitCore] Decrementing reference count for assertion <BKSProcessAssertion:
0x117eb1400> (used by background task with identifier 6: <_UIBackgroundTaskInfo:
0x1068d62c0>: taskID = 6, taskName = com.apple.uikit.applicationSnapshot,
creationTime = 445625 (elapsed = 0))
[UIKitCore] Push traits update to screen for new style 1, <UIWindowScene:
0x104144280> (4BDF63A4-9AB5-4167-B6DE-F09F4BF6A667)
[UIKitCore] Should not send trait collection or coordinate space update,
interface style 1 -> 1, <UIWindowScene: 0x104144280>
(4BDF63A4-9AB5-4167-B6DE-F09F4BF6A667)
[UIKitCore] [0x106ac0d90] [keyboardFocus] Disabling event deferring records
requested: adding recreation reason: detachedContext; for reason:
_UIEventDeferringManager: 0x106ac0d90: disabling keyboardFocus: context detached
for window: 0x106a1c000; contextID: 0x9CE392BB
[UIKitCore] Will add backgroundTask with taskName:
com.apple.UIKit.CABackingStoreCollect, expirationHandler: (null)
[UIKitCore] Reusing background assertion <BKSProcessAssertion: 0x117eb1400>
[UIKitCore] Incrementing reference count for background assertion
<BKSProcessAssertion: 0x117eb1400>
[UIKitCore] Created background task <_UIBackgroundTaskInfo: 0x10d171880>: taskID
= 7, taskName = com.apple.UIKit.CABackingStoreCollect, creationTime = 445625
(elapsed = 0).
[UIKitCore] Target list changed:
[UIKitCore] Ending background task with UIBackgroundTaskIdentifier: 2
[UIKitCore] Ending task with identifier 2 and description:
<_UIBackgroundTaskInfo: 0x1068d6f40>: taskID = 2, taskName = _UIRemoteKeyboard
XPC disconnection, creationTime = 445625 (elapsed = 0), _expireHandler: (null)
[UIKitCore] Decrementing reference count for assertion <BKSProcessAssertion:
0x117eb1400> (used by background task with identifier 2: <_UIBackgroundTaskInfo:
0x1068d6f40>: taskID = 2, taskName = _UIRemoteKeyboard XPC disconnection,
creationTime = 445625 (elapsed = 0))
[UIKitCore] sceneOfRecord: sceneID: sceneID:com.farmos.mobile-default
persistentID: 4BDF63A4-9AB5-4167-B6DE-F09F4BF6A667
[UIKitCore] Not push traits update to screen for new style 1, <UIWindowScene:
0x104144280> (4BDF63A4-9AB5-4167-B6DE-F09F4BF6A667)
[UIKitCore] Ending background task with UIBackgroundTaskIdentifier: 7
[UIKitCore] Ending task with identifier 7 and description:
<_UIBackgroundTaskInfo: 0x10d171880>: taskID = 7, taskName =
com.apple.UIKit.CABackingStoreCollect, creationTime = 445625 (elapsed = 0),
_expireHandler: (null)
[UIKitCore] Decrementing reference count for assertion <BKSProcessAssertion:
0x117eb1400> (used by background task with identifier 7: <_UIBackgroundTaskInfo:
0x10d171880>: taskID = 7, taskName = com.apple.UIKit.CABackingStoreCollect,
creationTime = 445625 (elapsed = 0))
[UIKitCore] Will invalidate assertion: <BKSProcessAssertion: 0x117eb1400> for
task identifier: 7
2026-05-04T12:37:47.054Z expo:start:server:metro:metroWatchTypeScriptFiles Detected TypeScript file changed in the project:  /Users/weerachaipanthueng/Projects/Business/Farm-Project/mobile/src/screens/DailyLogScreen.tsx
| 2026-05-04T12:37:47.127Z expo:babel:server-data-loaders Skipping file outside app directory: /Users/weerachaipanthueng/Projects/Business/Farm-Project/mobile/src/screens/DailyLogScreen.tsx
2026-05-04T12:37:47.150Z expo:metro:tsconfig-paths @/theme/ThemeProvider -> /Users/weerachaipanthueng/Projects/Business/Farm-Project/mobile/src/theme/ThemeProvider
2026-05-04T12:37:47.150Z expo:metro:tsconfig-paths @/theme/tokens -> /Users/weerachaipanthueng/Projects/Business/Farm-Project/mobile/src/theme/tokens
2026-05-04T12:37:47.150Z expo:metro:tsconfig-paths @/components/ui -> /Users/weerachaipanthueng/Projects/Business/Farm-Project/mobile/src/components/ui
2026-05-04T12:37:47.150Z expo:metro:tsconfig-paths @/components/icons -> /Users/weerachaipanthueng/Projects/Business/Farm-Project/mobile/src/components/icons
2026-05-04T12:37:47.150Z expo:metro:tsconfig-paths @/data -> /Users/weerachaipanthueng/Projects/Business/Farm-Project/mobile/src/data
2026-05-04T12:37:47.150Z expo:metro:tsconfig-paths @/mock/data -> /Users/weerachaipanthueng/Projects/Business/Farm-Project/mobile/src/mock/data
2026-05-04T12:37:47.151Z expo:metro:tsconfig-paths @/screens/pond-daily-log/PondDailyLogForm -> /Users/weerachaipanthueng/Projects/Business/Farm-Project/mobile/src/screens/pond-daily-log/PondDailyLogForm
| 2026-05-04T12:37:47.182Z expo:babel:server-data-loaders Skipping file outside app directory: /Users/weerachaipanthueng/Projects/Business/Farm-Project/mobile/src/screens/pond-daily-log/PondDailyLogForm.tsx
2026-05-04T12:37:47.271Z expo:metro:tsconfig-paths @/theme/ThemeProvider -> /Users/weerachaipanthueng/Projects/Business/Farm-Project/mobile/src/theme/ThemeProvider
2026-05-04T12:37:47.271Z expo:metro:tsconfig-paths @/theme/tokens -> /Users/weerachaipanthueng/Projects/Business/Farm-Project/mobile/src/theme/tokens
2026-05-04T12:37:47.271Z expo:metro:tsconfig-paths @/theme/ink -> /Users/weerachaipanthueng/Projects/Business/Farm-Project/mobile/src/theme/ink
2026-05-04T12:37:47.271Z expo:metro:tsconfig-paths @/components/ui -> /Users/weerachaipanthueng/Projects/Business/Farm-Project/mobile/src/components/ui
2026-05-04T12:37:47.272Z expo:metro:tsconfig-paths @/components/icons -> /Users/weerachaipanthueng/Projects/Business/Farm-Project/mobile/src/components/icons
2026-05-04T12:37:47.272Z expo:metro:tsconfig-paths @/components/layout/Row -> /Users/weerachaipanthueng/Projects/Business/Farm-Project/mobile/src/components/layout/Row
2026-05-04T12:37:47.272Z expo:metro:tsconfig-paths @/locale/thaiDate -> /Users/weerachaipanthueng/Projects/Business/Farm-Project/mobile/src/locale/thaiDate
2026-05-04T12:37:47.272Z expo:metro:tsconfig-paths @/mock/data -> /Users/weerachaipanthueng/Projects/Business/Farm-Project/mobile/src/mock/data
2026-05-04T12:37:47.272Z expo:metro:tsconfig-paths @/data -> /Users/weerachaipanthueng/Projects/Business/Farm-Project/mobile/src/data
[UIKitCore] sceneOfRecord: sceneID: sceneID:com.farmos.mobile-default
persistentID: 4BDF63A4-9AB5-4167-B6DE-F09F4BF6A667
[UIKitCore] Deactivation reason added: 5; deactivation reasons: 6144 -> 6176;
animating application lifecycle event: 1
[UIKitCore] Ignoring already applied deactivation reason: 12; deactivation
reasons: 6176
[UIKitCore] Deactivation reason removed: 11; deactivation reasons: 6176 -> 4128;
animating application lifecycle event: 1
[UIIntelligenceSupport] establishing connection to agent
[libxpc.dylib] [0x117eb1630] Session created.
[libxpc.dylib] [0x117eb1630] Session created from connection [0x106be48c0]
[libxpc.dylib] [0x106be48c0] activating connection: mach=true listener=false
peer=false name=com.apple.uiintelligencesupport.agent
[libxpc.dylib] [0x117eb1630] Session activated
[UIKitCore] [0x106ac0d90] [keyboardFocus] Recreation of event deferring records
requested: removing recreation reason: detachedContext; for reason:
_UIEventDeferringManager: 0x106ac0d90: recreating keyboardFocus: context
attached for window: 0x106a1c000; contextID: 0x6BC2CC58
[UIKitCore] Target list changed: <CADisplay:LCD PurpleMain>
[UIKitCore] startConnection
[libxpc.dylib] [0x1069ed680] activating connection: mach=true listener=false
peer=false name=com.apple.UIKit.KeyboardManagement.hosted
[UIKitCore] handleKeyboardChange: set currentKeyboard:N (wasKeyboard:N)
[UIKitCore] forceReloadInputViews
[UIKitCore] Reloading input views for key-window scene responder: <(null): 0x0;
> force:Y
[UIKitCore] sceneOfRecord: sceneID: sceneID:com.farmos.mobile-default
persistentID: 4BDF63A4-9AB5-4167-B6DE-F09F4BF6A667
[UIKitCore] Not push traits update to screen for new style 1, <UIWindowScene:
0x104144280> (4BDF63A4-9AB5-4167-B6DE-F09F4BF6A667)
[UIKitCore] sceneOfRecord: sceneID: sceneID:com.farmos.mobile-default
persistentID: 4BDF63A4-9AB5-4167-B6DE-F09F4BF6A667
[UIKitCore] sceneOfRecord: sceneID: sceneID:com.farmos.mobile-default
persistentID: 4BDF63A4-9AB5-4167-B6DE-F09F4BF6A667
[BackBoardServices] policyStatus:<BKSHIDEventDeliveryPolicyObserver:
0x1068a3f00; token:
com.apple.frontboard.systemappservices/FBSceneManager:sceneID%3Acom.farmos.mobile-default;
status: ancestor> was:none
[UIKitCore] Scene target of keyboard event deferring environment did change: 1;
scene: UIWindowScene: 0x104144280; scene identity:
com.apple.frontboard.systemappservices/FBSceneManager:sceneID%3Acom.farmos.mobile-default
[UIKitCore] [0x106ac0d90] Scene target of event deferring environments did
update: scene: 0x104144280; current systemShellManagesKeyboardFocus: 1;
systemShellManagesKeyboardFocusForScene: 1; eligibleForRecordRemoval: 1;
[UIKitCore] Scene became target of keyboard event deferring environment:
UIWindowScene: 0x104144280; scene identity:
com.apple.frontboard.systemappservices/FBSceneManager:sceneID%3Acom.farmos.mobile-default
[UIKitCore] Not push traits update to screen for new style 1, <UIWindowScene:
0x104144280> (4BDF63A4-9AB5-4167-B6DE-F09F4BF6A667)
[UIKitCore] sceneOfRecord: sceneID: sceneID:com.farmos.mobile-default
persistentID: 4BDF63A4-9AB5-4167-B6DE-F09F4BF6A667
[UIKitCore] Deactivation reason removed: 12; deactivation reasons: 4128 -> 32;
animating application lifecycle event: 1
[UIKitCore] Send setDeactivating: N (-DeactivationReason:SuspendedEventsOnly)
[UIKitCore] Deactivation reason removed: 5; deactivation reasons: 32 -> 0;
animating application lifecycle event: 0
2026-05-04T12:37:50.065Z expo:start:server:metro:metroWatchTypeScriptFiles Detected TypeScript file changed in the project:  /Users/weerachaipanthueng/Projects/Business/Farm-Project/mobile/src/screens/DailyLogScreen.tsx
| 2026-05-04T12:37:50.167Z expo:babel:server-data-loaders Skipping file outside app directory: /Users/weerachaipanthueng/Projects/Business/Farm-Project/mobile/src/screens/DailyLogScreen.tsx
2026-05-04T12:37:50.178Z expo:metro:tsconfig-paths @/theme/ThemeProvider -> /Users/weerachaipanthueng/Projects/Business/Farm-Project/mobile/src/theme/ThemeProvider
2026-05-04T12:37:50.178Z expo:metro:tsconfig-paths @/theme/tokens -> /Users/weerachaipanthueng/Projects/Business/Farm-Project/mobile/src/theme/tokens
2026-05-04T12:37:50.178Z expo:metro:tsconfig-paths @/components/ui -> /Users/weerachaipanthueng/Projects/Business/Farm-Project/mobile/src/components/ui
2026-05-04T12:37:50.178Z expo:metro:tsconfig-paths @/components/icons -> /Users/weerachaipanthueng/Projects/Business/Farm-Project/mobile/src/components/icons
2026-05-04T12:37:50.178Z expo:metro:tsconfig-paths @/data -> /Users/weerachaipanthueng/Projects/Business/Farm-Project/mobile/src/data
2026-05-04T12:37:50.178Z expo:metro:tsconfig-paths @/mock/data -> /Users/weerachaipanthueng/Projects/Business/Farm-Project/mobile/src/mock/data
2026-05-04T12:37:50.179Z expo:metro:tsconfig-paths @/screens/pond-daily-log/PondDailyLogForm -> /Users/weerachaipanthueng/Projects/Business/Farm-Project/mobile/src/screens/pond-daily-log/PondDailyLogForm
2026-05-04T12:37:53.295Z expo:start:server:metro:metroWatchTypeScriptFiles Detected TypeScript file changed in the project:  /Users/weerachaipanthueng/Projects/Business/Farm-Project/mobile/src/screens/PondDetailScreen.tsx
| 2026-05-04T12:37:53.408Z expo:babel:server-data-loaders Skipping file outside app directory: /Users/weerachaipanthueng/Projects/Business/Farm-Project/mobile/src/screens/PondDetailScreen.tsx
2026-05-04T12:37:53.515Z expo:start:server:metro:metroWatchTypeScriptFiles Detected TypeScript file changed in the project:  /Users/weerachaipanthueng/Projects/Business/Farm-Project/mobile/src/screens/PondDetailScreen.tsx
2026-05-04T12:37:53.556Z expo:metro:tsconfig-paths @/theme/ThemeProvider -> /Users/weerachaipanthueng/Projects/Business/Farm-Project/mobile/src/theme/ThemeProvider
2026-05-04T12:37:53.556Z expo:metro:tsconfig-paths @/theme/tokens -> /Users/weerachaipanthueng/Projects/Business/Farm-Project/mobile/src/theme/tokens
2026-05-04T12:37:53.556Z expo:metro:tsconfig-paths @/components/ui -> /Users/weerachaipanthueng/Projects/Business/Farm-Project/mobile/src/components/ui
2026-05-04T12:37:53.556Z expo:metro:tsconfig-paths @/components/icons -> /Users/weerachaipanthueng/Projects/Business/Farm-Project/mobile/src/components/icons
2026-05-04T12:37:53.557Z expo:metro:tsconfig-paths @/components/layout/Row -> /Users/weerachaipanthueng/Projects/Business/Farm-Project/mobile/src/components/layout/Row
2026-05-04T12:37:53.557Z expo:metro:tsconfig-paths @/components/domain/StatusPip -> /Users/weerachaipanthueng/Projects/Business/Farm-Project/mobile/src/components/domain/StatusPip
2026-05-04T12:37:53.557Z expo:metro:tsconfig-paths @/components/domain/FishChips -> /Users/weerachaipanthueng/Projects/Business/Farm-Project/mobile/src/components/domain/FishChips
2026-05-04T12:37:53.557Z expo:metro:tsconfig-paths @/utils/fmt -> /Users/weerachaipanthueng/Projects/Business/Farm-Project/mobile/src/utils/fmt
2026-05-04T12:37:53.557Z expo:metro:tsconfig-paths @/locale/thaiDate -> /Users/weerachaipanthueng/Projects/Business/Farm-Project/mobile/src/locale/thaiDate
2026-05-04T12:37:53.557Z expo:metro:tsconfig-paths @/mock/data -> /Users/weerachaipanthueng/Projects/Business/Farm-Project/mobile/src/mock/data
2026-05-04T12:37:53.557Z expo:metro:tsconfig-paths @/data -> /Users/weerachaipanthueng/Projects/Business/Farm-Project/mobile/src/data
| 2026-05-04T12:37:53.583Z expo:babel:server-data-loaders Skipping file outside app directory: /Users/weerachaipanthueng/Projects/Business/Farm-Project/mobile/src/screens/PondDetailScreen.tsx
2026-05-04T12:37:53.699Z expo:start:server:metro:metroWatchTypeScriptFiles Detected TypeScript file changed in the project:  /Users/weerachaipanthueng/Projects/Business/Farm-Project/mobile/src/screens/PondDetailScreen.tsx
| 2026-05-04T12:37:53.777Z expo:babel:server-data-loaders Skipping file outside app directory: /Users/weerachaipanthueng/Projects/Business/Farm-Project/mobile/src/screens/PondDetailScreen.tsx
2026-05-04T12:37:53.858Z expo:metro:tsconfig-paths @/theme/ThemeProvider -> /Users/weerachaipanthueng/Projects/Business/Farm-Project/mobile/src/theme/ThemeProvider
2026-05-04T12:37:53.858Z expo:metro:tsconfig-paths @/theme/tokens -> /Users/weerachaipanthueng/Projects/Business/Farm-Project/mobile/src/theme/tokens
2026-05-04T12:37:53.858Z expo:metro:tsconfig-paths @/components/ui -> /Users/weerachaipanthueng/Projects/Business/Farm-Project/mobile/src/components/ui
2026-05-04T12:37:53.858Z expo:metro:tsconfig-paths @/components/icons -> /Users/weerachaipanthueng/Projects/Business/Farm-Project/mobile/src/components/icons
2026-05-04T12:37:53.858Z expo:metro:tsconfig-paths @/components/layout/Row -> /Users/weerachaipanthueng/Projects/Business/Farm-Project/mobile/src/components/layout/Row
2026-05-04T12:37:53.858Z expo:metro:tsconfig-paths @/components/domain/StatusPip -> /Users/weerachaipanthueng/Projects/Business/Farm-Project/mobile/src/components/domain/StatusPip
2026-05-04T12:37:53.858Z expo:metro:tsconfig-paths @/components/domain/FishChips -> /Users/weerachaipanthueng/Projects/Business/Farm-Project/mobile/src/components/domain/FishChips
2026-05-04T12:37:53.858Z expo:metro:tsconfig-paths @/utils/fmt -> /Users/weerachaipanthueng/Projects/Business/Farm-Project/mobile/src/utils/fmt
2026-05-04T12:37:53.858Z expo:metro:tsconfig-paths @/locale/thaiDate -> /Users/weerachaipanthueng/Projects/Business/Farm-Project/mobile/src/locale/thaiDate
2026-05-04T12:37:53.858Z expo:metro:tsconfig-paths @/mock/data -> /Users/weerachaipanthueng/Projects/Business/Farm-Project/mobile/src/mock/data
2026-05-04T12:37:53.858Z expo:metro:tsconfig-paths @/data -> /Users/weerachaipanthueng/Projects/Business/Farm-Project/mobile/src/data
2026-05-04T12:37:55.897Z expo:start:server:metro:metroWatchTypeScriptFiles Detected TypeScript file changed in the project:  /Users/weerachaipanthueng/Projects/Business/Farm-Project/mobile/src/screens/PondDetailScreen.tsx
| 2026-05-04T12:37:55.970Z expo:babel:server-data-loaders Skipping file outside app directory: /Users/weerachaipanthueng/Projects/Business/Farm-Project/mobile/src/screens/PondDetailScreen.tsx
2026-05-04T12:37:56.089Z expo:metro:tsconfig-paths @/theme/ThemeProvider -> /Users/weerachaipanthueng/Projects/Business/Farm-Project/mobile/src/theme/ThemeProvider
2026-05-04T12:37:56.089Z expo:metro:tsconfig-paths @/theme/tokens -> /Users/weerachaipanthueng/Projects/Business/Farm-Project/mobile/src/theme/tokens
2026-05-04T12:37:56.089Z expo:metro:tsconfig-paths @/components/ui -> /Users/weerachaipanthueng/Projects/Business/Farm-Project/mobile/src/components/ui
2026-05-04T12:37:56.089Z expo:metro:tsconfig-paths @/components/icons -> /Users/weerachaipanthueng/Projects/Business/Farm-Project/mobile/src/components/icons
2026-05-04T12:37:56.089Z expo:metro:tsconfig-paths @/components/layout/Row -> /Users/weerachaipanthueng/Projects/Business/Farm-Project/mobile/src/components/layout/Row
2026-05-04T12:37:56.089Z expo:metro:tsconfig-paths @/components/domain/StatusPip -> /Users/weerachaipanthueng/Projects/Business/Farm-Project/mobile/src/components/domain/StatusPip
2026-05-04T12:37:56.089Z expo:metro:tsconfig-paths @/components/domain/FishChips -> /Users/weerachaipanthueng/Projects/Business/Farm-Project/mobile/src/components/domain/FishChips
2026-05-04T12:37:56.089Z expo:metro:tsconfig-paths @/utils/fmt -> /Users/weerachaipanthueng/Projects/Business/Farm-Project/mobile/src/utils/fmt
2026-05-04T12:37:56.089Z expo:metro:tsconfig-paths @/locale/thaiDate -> /Users/weerachaipanthueng/Projects/Business/Farm-Project/mobile/src/locale/thaiDate
2026-05-04T12:37:56.089Z expo:metro:tsconfig-paths @/mock/data -> /Users/weerachaipanthueng/Projects/Business/Farm-Project/mobile/src/mock/data
2026-05-04T12:37:56.090Z expo:metro:tsconfig-paths @/data -> /Users/weerachaipanthueng/Projects/Business/Farm-Project/mobile/src/data
2026-05-04T12:37:56.331Z expo:start:server:metro:metroWatchTypeScriptFiles Detected TypeScript file changed in the project:  /Users/weerachaipanthueng/Projects/Business/Farm-Project/mobile/src/screens/PondDetailScreen.tsx
| 2026-05-04T12:37:56.404Z expo:babel:server-data-loaders Skipping file outside app directory: /Users/weerachaipanthueng/Projects/Business/Farm-Project/mobile/src/screens/PondDetailScreen.tsx
2026-05-04T12:37:56.462Z expo:metro:tsconfig-paths @/theme/ThemeProvider -> /Users/weerachaipanthueng/Projects/Business/Farm-Project/mobile/src/theme/ThemeProvider
2026-05-04T12:37:56.462Z expo:metro:tsconfig-paths @/theme/tokens -> /Users/weerachaipanthueng/Projects/Business/Farm-Project/mobile/src/theme/tokens
2026-05-04T12:37:56.462Z expo:metro:tsconfig-paths @/components/ui -> /Users/weerachaipanthueng/Projects/Business/Farm-Project/mobile/src/components/ui
2026-05-04T12:37:56.462Z expo:metro:tsconfig-paths @/components/icons -> /Users/weerachaipanthueng/Projects/Business/Farm-Project/mobile/src/components/icons
2026-05-04T12:37:56.462Z expo:metro:tsconfig-paths @/components/layout/Row -> /Users/weerachaipanthueng/Projects/Business/Farm-Project/mobile/src/components/layout/Row
2026-05-04T12:37:56.462Z expo:metro:tsconfig-paths @/components/domain/StatusPip -> /Users/weerachaipanthueng/Projects/Business/Farm-Project/mobile/src/components/domain/StatusPip
2026-05-04T12:37:56.462Z expo:metro:tsconfig-paths @/components/domain/FishChips -> /Users/weerachaipanthueng/Projects/Business/Farm-Project/mobile/src/components/domain/FishChips
2026-05-04T12:37:56.462Z expo:metro:tsconfig-paths @/utils/fmt -> /Users/weerachaipanthueng/Projects/Business/Farm-Project/mobile/src/utils/fmt
2026-05-04T12:37:56.462Z expo:metro:tsconfig-paths @/locale/thaiDate -> /Users/weerachaipanthueng/Projects/Business/Farm-Project/mobile/src/locale/thaiDate
2026-05-04T12:37:56.462Z expo:metro:tsconfig-paths @/mock/data -> /Users/weerachaipanthueng/Projects/Business/Farm-Project/mobile/src/mock/data
2026-05-04T12:37:56.463Z expo:metro:tsconfig-paths @/data -> /Users/weerachaipanthueng/Projects/Business/Farm-Project/mobile/src/data
2026-05-04T12:37:56.671Z expo:start:server:metro:metroWatchTypeScriptFiles Detected TypeScript file changed in the project:  /Users/weerachaipanthueng/Projects/Business/Farm-Project/mobile/src/screens/PondDetailScreen.tsx
| 2026-05-04T12:37:56.762Z expo:babel:server-data-loaders Skipping file outside app directory: /Users/weerachaipanthueng/Projects/Business/Farm-Project/mobile/src/screens/PondDetailScreen.tsx
2026-05-04T12:37:56.899Z expo:metro:tsconfig-paths @/theme/ThemeProvider -> /Users/weerachaipanthueng/Projects/Business/Farm-Project/mobile/src/theme/ThemeProvider
2026-05-04T12:37:56.899Z expo:metro:tsconfig-paths @/theme/tokens -> /Users/weerachaipanthueng/Projects/Business/Farm-Project/mobile/src/theme/tokens
2026-05-04T12:37:56.899Z expo:metro:tsconfig-paths @/components/ui -> /Users/weerachaipanthueng/Projects/Business/Farm-Project/mobile/src/components/ui
2026-05-04T12:37:56.899Z expo:metro:tsconfig-paths @/components/icons -> /Users/weerachaipanthueng/Projects/Business/Farm-Project/mobile/src/components/icons
2026-05-04T12:37:56.899Z expo:metro:tsconfig-paths @/components/layout/Row -> /Users/weerachaipanthueng/Projects/Business/Farm-Project/mobile/src/components/layout/Row
2026-05-04T12:37:56.899Z expo:metro:tsconfig-paths @/components/domain/StatusPip -> /Users/weerachaipanthueng/Projects/Business/Farm-Project/mobile/src/components/domain/StatusPip
2026-05-04T12:37:56.899Z expo:metro:tsconfig-paths @/components/domain/FishChips -> /Users/weerachaipanthueng/Projects/Business/Farm-Project/mobile/src/components/domain/FishChips
2026-05-04T12:37:56.899Z expo:metro:tsconfig-paths @/utils/fmt -> /Users/weerachaipanthueng/Projects/Business/Farm-Project/mobile/src/utils/fmt
2026-05-04T12:37:56.900Z expo:metro:tsconfig-paths @/locale/thaiDate -> /Users/weerachaipanthueng/Projects/Business/Farm-Project/mobile/src/locale/thaiDate
2026-05-04T12:37:56.900Z expo:metro:tsconfig-paths @/mock/data -> /Users/weerachaipanthueng/Projects/Business/Farm-Project/mobile/src/mock/data
2026-05-04T12:37:56.900Z expo:metro:tsconfig-paths @/data -> /Users/weerachaipanthueng/Projects/Business/Farm-Project/mobile/src/data
2026-05-04T12:37:56.900Z expo:metro:tsconfig-paths @/screens/pond-daily-log/PondDailyLogForm -> /Users/weerachaipanthueng/Projects/Business/Farm-Project/mobile/src/screens/pond-daily-log/PondDailyLogForm
2026-05-04T12:37:58.047Z expo:start:server:metro:metroWatchTypeScriptFiles Detected TypeScript file changed in the project:  /Users/weerachaipanthueng/Projects/Business/Farm-Project/mobile/src/screens/PondDetailScreen.tsx
| 2026-05-04T12:37:58.167Z expo:babel:server-data-loaders Skipping file outside app directory: /Users/weerachaipanthueng/Projects/Business/Farm-Project/mobile/src/screens/PondDetailScreen.tsx
2026-05-04T12:37:58.232Z expo:metro:tsconfig-paths @/theme/ThemeProvider -> /Users/weerachaipanthueng/Projects/Business/Farm-Project/mobile/src/theme/ThemeProvider
2026-05-04T12:37:58.232Z expo:metro:tsconfig-paths @/theme/tokens -> /Users/weerachaipanthueng/Projects/Business/Farm-Project/mobile/src/theme/tokens
2026-05-04T12:37:58.232Z expo:metro:tsconfig-paths @/components/ui -> /Users/weerachaipanthueng/Projects/Business/Farm-Project/mobile/src/components/ui
2026-05-04T12:37:58.232Z expo:metro:tsconfig-paths @/components/icons -> /Users/weerachaipanthueng/Projects/Business/Farm-Project/mobile/src/components/icons
2026-05-04T12:37:58.232Z expo:metro:tsconfig-paths @/components/layout/Row -> /Users/weerachaipanthueng/Projects/Business/Farm-Project/mobile/src/components/layout/Row
2026-05-04T12:37:58.232Z expo:metro:tsconfig-paths @/components/domain/StatusPip -> /Users/weerachaipanthueng/Projects/Business/Farm-Project/mobile/src/components/domain/StatusPip
2026-05-04T12:37:58.232Z expo:metro:tsconfig-paths @/components/domain/FishChips -> /Users/weerachaipanthueng/Projects/Business/Farm-Project/mobile/src/components/domain/FishChips
2026-05-04T12:37:58.232Z expo:metro:tsconfig-paths @/utils/fmt -> /Users/weerachaipanthueng/Projects/Business/Farm-Project/mobile/src/utils/fmt
2026-05-04T12:37:58.232Z expo:metro:tsconfig-paths @/locale/thaiDate -> /Users/weerachaipanthueng/Projects/Business/Farm-Project/mobile/src/locale/thaiDate
2026-05-04T12:37:58.232Z expo:metro:tsconfig-paths @/mock/data -> /Users/weerachaipanthueng/Projects/Business/Farm-Project/mobile/src/mock/data
2026-05-04T12:37:58.233Z expo:metro:tsconfig-paths @/data -> /Users/weerachaipanthueng/Projects/Business/Farm-Project/mobile/src/data
2026-05-04T12:37:58.233Z expo:metro:tsconfig-paths @/screens/pond-daily-log/PondDailyLogForm -> /Users/weerachaipanthueng/Projects/Business/Farm-Project/mobile/src/screens/pond-daily-log/PondDailyLogForm
2026-05-04T12:38:11.719Z expo:start:server:metro:metroWatchTypeScriptFiles Detected TypeScript file changed in the project:  /Users/weerachaipanthueng/Projects/Business/Farm-Project/mobile/src/screens/PondDetailScreen.tsx
| 2026-05-04T12:38:11.832Z expo:babel:server-data-loaders Skipping file outside app directory: /Users/weerachaipanthueng/Projects/Business/Farm-Project/mobile/src/screens/PondDetailScreen.tsx
2026-05-04T12:38:11.935Z expo:start:server:metro:metroWatchTypeScriptFiles Detected TypeScript file changed in the project:  /Users/weerachaipanthueng/Projects/Business/Farm-Project/mobile/src/screens/PondDetailScreen.tsx
2026-05-04T12:38:11.983Z expo:metro:tsconfig-paths @/theme/ThemeProvider -> /Users/weerachaipanthueng/Projects/Business/Farm-Project/mobile/src/theme/ThemeProvider
2026-05-04T12:38:11.983Z expo:metro:tsconfig-paths @/theme/tokens -> /Users/weerachaipanthueng/Projects/Business/Farm-Project/mobile/src/theme/tokens
2026-05-04T12:38:11.983Z expo:metro:tsconfig-paths @/components/ui -> /Users/weerachaipanthueng/Projects/Business/Farm-Project/mobile/src/components/ui
2026-05-04T12:38:11.983Z expo:metro:tsconfig-paths @/components/icons -> /Users/weerachaipanthueng/Projects/Business/Farm-Project/mobile/src/components/icons
2026-05-04T12:38:11.983Z expo:metro:tsconfig-paths @/components/layout/Row -> /Users/weerachaipanthueng/Projects/Business/Farm-Project/mobile/src/components/layout/Row
2026-05-04T12:38:11.983Z expo:metro:tsconfig-paths @/components/domain/StatusPip -> /Users/weerachaipanthueng/Projects/Business/Farm-Project/mobile/src/components/domain/StatusPip
2026-05-04T12:38:11.983Z expo:metro:tsconfig-paths @/components/domain/FishChips -> /Users/weerachaipanthueng/Projects/Business/Farm-Project/mobile/src/components/domain/FishChips
2026-05-04T12:38:11.983Z expo:metro:tsconfig-paths @/utils/fmt -> /Users/weerachaipanthueng/Projects/Business/Farm-Project/mobile/src/utils/fmt
2026-05-04T12:38:11.983Z expo:metro:tsconfig-paths @/locale/thaiDate -> /Users/weerachaipanthueng/Projects/Business/Farm-Project/mobile/src/locale/thaiDate
2026-05-04T12:38:11.984Z expo:metro:tsconfig-paths @/mock/data -> /Users/weerachaipanthueng/Projects/Business/Farm-Project/mobile/src/mock/data
2026-05-04T12:38:11.984Z expo:metro:tsconfig-paths @/data -> /Users/weerachaipanthueng/Projects/Business/Farm-Project/mobile/src/data
2026-05-04T12:38:11.984Z expo:metro:tsconfig-paths @/screens/pond-daily-log/PondDailyLogForm -> /Users/weerachaipanthueng/Projects/Business/Farm-Project/mobile/src/screens/pond-daily-log/PondDailyLogForm
| 2026-05-04T12:38:12.021Z expo:babel:server-data-loaders Skipping file outside app directory: /Users/weerachaipanthueng/Projects/Business/Farm-Project/mobile/src/screens/PondDetailScreen.tsx
2026-05-04T12:38:12.795Z expo:start:server:metro:metroWatchTypeScriptFiles Detected TypeScript file changed in the project:  /Users/weerachaipanthueng/Projects/Business/Farm-Project/mobile/src/screens/PondDetailScreen.tsx
| 2026-05-04T12:38:12.859Z expo:babel:server-data-loaders Skipping file outside app directory: /Users/weerachaipanthueng/Projects/Business/Farm-Project/mobile/src/screens/PondDetailScreen.tsx
2026-05-04T12:38:12.892Z expo:metro:tsconfig-paths @/theme/ThemeProvider -> /Users/weerachaipanthueng/Projects/Business/Farm-Project/mobile/src/theme/ThemeProvider
2026-05-04T12:38:12.892Z expo:metro:tsconfig-paths @/theme/tokens -> /Users/weerachaipanthueng/Projects/Business/Farm-Project/mobile/src/theme/tokens
2026-05-04T12:38:12.892Z expo:metro:tsconfig-paths @/components/ui -> /Users/weerachaipanthueng/Projects/Business/Farm-Project/mobile/src/components/ui
2026-05-04T12:38:12.892Z expo:metro:tsconfig-paths @/components/icons -> /Users/weerachaipanthueng/Projects/Business/Farm-Project/mobile/src/components/icons
2026-05-04T12:38:12.892Z expo:metro:tsconfig-paths @/components/layout/Row -> /Users/weerachaipanthueng/Projects/Business/Farm-Project/mobile/src/components/layout/Row
2026-05-04T12:38:12.892Z expo:metro:tsconfig-paths @/components/domain/StatusPip -> /Users/weerachaipanthueng/Projects/Business/Farm-Project/mobile/src/components/domain/StatusPip
2026-05-04T12:38:12.892Z expo:metro:tsconfig-paths @/components/domain/FishChips -> /Users/weerachaipanthueng/Projects/Business/Farm-Project/mobile/src/components/domain/FishChips
2026-05-04T12:38:12.893Z expo:metro:tsconfig-paths @/utils/fmt -> /Users/weerachaipanthueng/Projects/Business/Farm-Project/mobile/src/utils/fmt
2026-05-04T12:38:12.893Z expo:metro:tsconfig-paths @/locale/thaiDate -> /Users/weerachaipanthueng/Projects/Business/Farm-Project/mobile/src/locale/thaiDate
2026-05-04T12:38:12.893Z expo:metro:tsconfig-paths @/mock/data -> /Users/weerachaipanthueng/Projects/Business/Farm-Project/mobile/src/mock/data
2026-05-04T12:38:12.893Z expo:metro:tsconfig-paths @/data -> /Users/weerachaipanthueng/Projects/Business/Farm-Project/mobile/src/data
2026-05-04T12:38:12.893Z expo:metro:tsconfig-paths @/screens/pond-daily-log/PondDailyLogForm -> /Users/weerachaipanthueng/Projects/Business/Farm-Project/mobile/src/screens/pond-daily-log/PondDailyLogForm
2026-05-04T12:38:13.598Z expo:start:server:metro:metroWatchTypeScriptFiles Detected TypeScript file changed in the project:  /Users/weerachaipanthueng/Projects/Business/Farm-Project/mobile/src/screens/PondDetailScreen.tsx
| 2026-05-04T12:38:13.667Z expo:babel:server-data-loaders Skipping file outside app directory: /Users/weerachaipanthueng/Projects/Business/Farm-Project/mobile/src/screens/PondDetailScreen.tsx
2026-05-04T12:38:13.703Z expo:metro:tsconfig-paths @/theme/ThemeProvider -> /Users/weerachaipanthueng/Projects/Business/Farm-Project/mobile/src/theme/ThemeProvider
2026-05-04T12:38:13.703Z expo:metro:tsconfig-paths @/theme/tokens -> /Users/weerachaipanthueng/Projects/Business/Farm-Project/mobile/src/theme/tokens
2026-05-04T12:38:13.703Z expo:metro:tsconfig-paths @/components/ui -> /Users/weerachaipanthueng/Projects/Business/Farm-Project/mobile/src/components/ui
2026-05-04T12:38:13.704Z expo:metro:tsconfig-paths @/components/icons -> /Users/weerachaipanthueng/Projects/Business/Farm-Project/mobile/src/components/icons
2026-05-04T12:38:13.704Z expo:metro:tsconfig-paths @/components/layout/Row -> /Users/weerachaipanthueng/Projects/Business/Farm-Project/mobile/src/components/layout/Row
2026-05-04T12:38:13.704Z expo:metro:tsconfig-paths @/components/domain/StatusPip -> /Users/weerachaipanthueng/Projects/Business/Farm-Project/mobile/src/components/domain/StatusPip
2026-05-04T12:38:13.704Z expo:metro:tsconfig-paths @/components/domain/FishChips -> /Users/weerachaipanthueng/Projects/Business/Farm-Project/mobile/src/components/domain/FishChips
2026-05-04T12:38:13.704Z expo:metro:tsconfig-paths @/utils/fmt -> /Users/weerachaipanthueng/Projects/Business/Farm-Project/mobile/src/utils/fmt
2026-05-04T12:38:13.704Z expo:metro:tsconfig-paths @/locale/thaiDate -> /Users/weerachaipanthueng/Projects/Business/Farm-Project/mobile/src/locale/thaiDate
2026-05-04T12:38:13.704Z expo:metro:tsconfig-paths @/mock/data -> /Users/weerachaipanthueng/Projects/Business/Farm-Project/mobile/src/mock/data
2026-05-04T12:38:13.704Z expo:metro:tsconfig-paths @/data -> /Users/weerachaipanthueng/Projects/Business/Farm-Project/mobile/src/data
2026-05-04T12:38:13.704Z expo:metro:tsconfig-paths @/screens/pond-daily-log/PondDailyLogForm -> /Users/weerachaipanthueng/Projects/Business/Farm-Project/mobile/src/screens/pond-daily-log/PondDailyLogForm
2026-05-04T12:38:20.628Z expo:start:server:metro:metroWatchTypeScriptFiles Detected TypeScript file changed in the project:  /Users/weerachaipanthueng/Projects/Business/Farm-Project/mobile/src/screens/PondDetailScreen.tsx
| 2026-05-04T12:38:20.693Z expo:babel:server-data-loaders Skipping file outside app directory: /Users/weerachaipanthueng/Projects/Business/Farm-Project/mobile/src/screens/PondDetailScreen.tsx
2026-05-04T12:38:20.735Z expo:metro:tsconfig-paths @/theme/ThemeProvider -> /Users/weerachaipanthueng/Projects/Business/Farm-Project/mobile/src/theme/ThemeProvider
2026-05-04T12:38:20.735Z expo:metro:tsconfig-paths @/theme/tokens -> /Users/weerachaipanthueng/Projects/Business/Farm-Project/mobile/src/theme/tokens
2026-05-04T12:38:20.735Z expo:metro:tsconfig-paths @/components/ui -> /Users/weerachaipanthueng/Projects/Business/Farm-Project/mobile/src/components/ui
2026-05-04T12:38:20.735Z expo:metro:tsconfig-paths @/components/icons -> /Users/weerachaipanthueng/Projects/Business/Farm-Project/mobile/src/components/icons
2026-05-04T12:38:20.735Z expo:metro:tsconfig-paths @/components/layout/Row -> /Users/weerachaipanthueng/Projects/Business/Farm-Project/mobile/src/components/layout/Row
2026-05-04T12:38:20.735Z expo:metro:tsconfig-paths @/components/domain/StatusPip -> /Users/weerachaipanthueng/Projects/Business/Farm-Project/mobile/src/components/domain/StatusPip
2026-05-04T12:38:20.735Z expo:metro:tsconfig-paths @/components/domain/FishChips -> /Users/weerachaipanthueng/Projects/Business/Farm-Project/mobile/src/components/domain/FishChips
2026-05-04T12:38:20.735Z expo:metro:tsconfig-paths @/utils/fmt -> /Users/weerachaipanthueng/Projects/Business/Farm-Project/mobile/src/utils/fmt
2026-05-04T12:38:20.735Z expo:metro:tsconfig-paths @/locale/thaiDate -> /Users/weerachaipanthueng/Projects/Business/Farm-Project/mobile/src/locale/thaiDate
2026-05-04T12:38:20.735Z expo:metro:tsconfig-paths @/mock/data -> /Users/weerachaipanthueng/Projects/Business/Farm-Project/mobile/src/mock/data
2026-05-04T12:38:20.736Z expo:metro:tsconfig-paths @/data -> /Users/weerachaipanthueng/Projects/Business/Farm-Project/mobile/src/data
2026-05-04T12:38:20.736Z expo:metro:tsconfig-paths @/screens/pond-daily-log/PondDailyLogForm -> /Users/weerachaipanthueng/Projects/Business/Farm-Project/mobile/src/screens/pond-daily-log/PondDailyLogForm
2026-05-04T12:38:35.421Z expo:start:server:metro:metroWatchTypeScriptFiles Detected TypeScript file changed in the project:  /Users/weerachaipanthueng/Projects/Business/Farm-Project/mobile/src/screens/pond-daily-log/PondDailyLogForm.tsx
| 2026-05-04T12:38:35.509Z expo:babel:server-data-loaders Skipping file outside app directory: /Users/weerachaipanthueng/Projects/Business/Farm-Project/mobile/src/screens/pond-daily-log/PondDailyLogForm.tsx
2026-05-04T12:38:35.575Z expo:metro:tsconfig-paths @/theme/ThemeProvider -> /Users/weerachaipanthueng/Projects/Business/Farm-Project/mobile/src/theme/ThemeProvider
2026-05-04T12:38:35.575Z expo:metro:tsconfig-paths @/theme/tokens -> /Users/weerachaipanthueng/Projects/Business/Farm-Project/mobile/src/theme/tokens
2026-05-04T12:38:35.575Z expo:metro:tsconfig-paths @/theme/ink -> /Users/weerachaipanthueng/Projects/Business/Farm-Project/mobile/src/theme/ink
2026-05-04T12:38:35.575Z expo:metro:tsconfig-paths @/components/ui -> /Users/weerachaipanthueng/Projects/Business/Farm-Project/mobile/src/components/ui
2026-05-04T12:38:35.575Z expo:metro:tsconfig-paths @/components/icons -> /Users/weerachaipanthueng/Projects/Business/Farm-Project/mobile/src/components/icons
2026-05-04T12:38:35.575Z expo:metro:tsconfig-paths @/components/layout/Row -> /Users/weerachaipanthueng/Projects/Business/Farm-Project/mobile/src/components/layout/Row
2026-05-04T12:38:35.575Z expo:metro:tsconfig-paths @/locale/thaiDate -> /Users/weerachaipanthueng/Projects/Business/Farm-Project/mobile/src/locale/thaiDate
2026-05-04T12:38:35.575Z expo:metro:tsconfig-paths @/mock/data -> /Users/weerachaipanthueng/Projects/Business/Farm-Project/mobile/src/mock/data
2026-05-04T12:38:35.575Z expo:metro:tsconfig-paths @/data -> /Users/weerachaipanthueng/Projects/Business/Farm-Project/mobile/src/data
2026-05-04T12:38:48.346Z expo:start:server:metro:metroWatchTypeScriptFiles Detected TypeScript file changed in the project:  /Users/weerachaipanthueng/Projects/Business/Farm-Project/mobile/src/screens/pond-daily-log/PondDailyLogForm.tsx
| 2026-05-04T12:38:48.431Z expo:babel:server-data-loaders Skipping file outside app directory: /Users/weerachaipanthueng/Projects/Business/Farm-Project/mobile/src/screens/pond-daily-log/PondDailyLogForm.tsx
2026-05-04T12:38:48.533Z expo:metro:tsconfig-paths @/theme/ThemeProvider -> /Users/weerachaipanthueng/Projects/Business/Farm-Project/mobile/src/theme/ThemeProvider
2026-05-04T12:38:48.533Z expo:metro:tsconfig-paths @/theme/tokens -> /Users/weerachaipanthueng/Projects/Business/Farm-Project/mobile/src/theme/tokens
2026-05-04T12:38:48.533Z expo:metro:tsconfig-paths @/theme/ink -> /Users/weerachaipanthueng/Projects/Business/Farm-Project/mobile/src/theme/ink
2026-05-04T12:38:48.533Z expo:metro:tsconfig-paths @/components/ui -> /Users/weerachaipanthueng/Projects/Business/Farm-Project/mobile/src/components/ui
2026-05-04T12:38:48.534Z expo:metro:tsconfig-paths @/components/icons -> /Users/weerachaipanthueng/Projects/Business/Farm-Project/mobile/src/components/icons
2026-05-04T12:38:48.534Z expo:metro:tsconfig-paths @/components/layout/Row -> /Users/weerachaipanthueng/Projects/Business/Farm-Project/mobile/src/components/layout/Row
2026-05-04T12:38:48.534Z expo:metro:tsconfig-paths @/locale/thaiDate -> /Users/weerachaipanthueng/Projects/Business/Farm-Project/mobile/src/locale/thaiDate
2026-05-04T12:38:48.534Z expo:metro:tsconfig-paths @/mock/data -> /Users/weerachaipanthueng/Projects/Business/Farm-Project/mobile/src/mock/data
2026-05-04T12:38:48.534Z expo:metro:tsconfig-paths @/data -> /Users/weerachaipanthueng/Projects/Business/Farm-Project/mobile/src/data
2026-05-04T12:39:02.335Z expo:start:server:metro:metroWatchTypeScriptFiles Detected TypeScript file changed in the project:  /Users/weerachaipanthueng/Projects/Business/Farm-Project/mobile/src/screens/pond-daily-log/PondDailyLogForm.tsx
| 2026-05-04T12:39:02.611Z expo:babel:server-data-loaders Skipping file outside app directory: /Users/weerachaipanthueng/Projects/Business/Farm-Project/mobile/src/screens/pond-daily-log/PondDailyLogForm.tsx
2026-05-04T12:39:02.657Z expo:metro:tsconfig-paths @/theme/ThemeProvider -> /Users/weerachaipanthueng/Projects/Business/Farm-Project/mobile/src/theme/ThemeProvider
2026-05-04T12:39:02.657Z expo:metro:tsconfig-paths @/theme/tokens -> /Users/weerachaipanthueng/Projects/Business/Farm-Project/mobile/src/theme/tokens
2026-05-04T12:39:02.657Z expo:metro:tsconfig-paths @/theme/ink -> /Users/weerachaipanthueng/Projects/Business/Farm-Project/mobile/src/theme/ink
2026-05-04T12:39:02.658Z expo:metro:tsconfig-paths @/components/ui -> /Users/weerachaipanthueng/Projects/Business/Farm-Project/mobile/src/components/ui
2026-05-04T12:39:02.658Z expo:metro:tsconfig-paths @/components/icons -> /Users/weerachaipanthueng/Projects/Business/Farm-Project/mobile/src/components/icons
2026-05-04T12:39:02.658Z expo:metro:tsconfig-paths @/components/layout/Row -> /Users/weerachaipanthueng/Projects/Business/Farm-Project/mobile/src/components/layout/Row
2026-05-04T12:39:02.658Z expo:metro:tsconfig-paths @/locale/thaiDate -> /Users/weerachaipanthueng/Projects/Business/Farm-Project/mobile/src/locale/thaiDate
2026-05-04T12:39:02.658Z expo:metro:tsconfig-paths @/mock/data -> /Users/weerachaipanthueng/Projects/Business/Farm-Project/mobile/src/mock/data
2026-05-04T12:39:02.658Z expo:metro:tsconfig-paths @/data -> /Users/weerachaipanthueng/Projects/Business/Farm-Project/mobile/src/data
[UIKitCore] TX focusApplication (peekAppEvent) stealKB:Y
scene:com.farmos.mobile-default
[UIKitCore] Evaluating dispatch of UIEvent: 0x106918200; type: 0; subtype: 0;
backing type: 11; shouldSend: 1; ignoreInteractionEvents: 0,
systemGestureStateChange: 0
[UIKitCore] Sending UIEvent type: 0; subtype: 0; to windows: 1
[UIKitCore] Sending UIEvent type: 0; subtype: 0; to window: <UIWindow:
0x106a1c000>; contextId: 0x6BC2CC58
[UIKitCore] Evaluating dispatch of UIEvent: 0x106918200; type: 0; subtype: 0;
backing type: 11; shouldSend: 1; ignoreInteractionEvents: 0,
systemGestureStateChange: 0
[UIKitCore] Sending UIEvent type: 0; subtype: 0; to windows: 1
[UIKitCore] Sending UIEvent type: 0; subtype: 0; to window: <UIWindow:
0x106a1c000>; contextId: 0x6BC2CC58
[UIKitCore] Evaluating dispatch of UIEvent: 0x106918200; type: 0; subtype: 0;
backing type: 11; shouldSend: 0; ignoreInteractionEvents: 0,
systemGestureStateChange: 1
[CFNetwork] Task <07F2A69A-7DB2-4B50-A729-37B532F97546>.<1> resuming,
timeouts(0.0, 604800.0) qos(0x19) voucher((null))
activity(00000000-0000-0000-0000-000000000000)
[Security] SecTrustReportNetworkingAnalytics failed with error: -4
[CFNetwork] Connection 8: starting, TC(0x0)
[Network] [C8 4BDAA47A-9D45-446E-BD64-167AE57A529E Hostname#430e6a9a:8080 tcp,
url: http://localhost:8080/api/v1/farm, definite, attribution: developer,
context:
com.apple.CFNetwork.NSURLSession.{2AB0C440-81BC-4AE9-97F1-9262737739D4}{(null)}{Y}{2}{0x0}
(private), proc: 5BA52552-E806-361D-8ACF-2D2D7B27716E, delegated upid: 0] start
[Network] [C8 Hostname#430e6a9a:8080 initial parent-flow ((null))] event:
path:start @0.000s
[Network] [C8 Hostname#430e6a9a:8080 waiting parent-flow (satisfied (Path is
satisfied), interface: en0[802.11], uses wifi, LQM: unknown)] event:
path:satisfied @0.000s, uuid: FEAD9683-6A52-4D48-A1ED-8301259681D4
[Network] [C8 Hostname#430e6a9a:8080 in_progress parent-flow (satisfied (Path is
satisfied), interface: en0[802.11], uses wifi, LQM: unknown)] event:
flow:start_connect @0.000s
[Network] nw_connection_report_state_with_handler_on_nw_queue [C8] reporting
state preparing
[Network] [C8 Hostname#430e6a9a:8080 in_progress parent-flow (satisfied (Path is
satisfied), interface: en0[802.11], uses wifi, LQM: unknown)] event:
flow:start_child @0.001s
[Network] [C8.1 Hostname#430e6a9a:8080 initial path ((null))] event: path:start
@0.001s
[Network] [C8.1 Hostname#430e6a9a:8080 waiting path (satisfied (Path is
satisfied), interface: en0[802.11], uses wifi, LQM: unknown)] event:
path:satisfied @0.001s, uuid: FEAD9683-6A52-4D48-A1ED-8301259681D4
[Network] [C8.1 Hostname#430e6a9a:8080 in_progress resolver (satisfied (Path is
satisfied), interface: en0[802.11], uses wifi, LQM: unknown)] event:
resolver:start_dns @0.001s
[CFNetwork] Task <07F2A69A-7DB2-4B50-A729-37B532F97546>.<1> setting up
Connection 8
[Network] nw_endpoint_resolver_update [C8.1 Hostname#430e6a9a:8080 in_progress
resolver (satisfied (Path is satisfied), interface: en0[802.11], uses wifi, LQM:
unknown)] Adding endpoint handler for IPv6#417e27ec.8080
[Network] nw_endpoint_resolver_update [C8.1 Hostname#430e6a9a:8080 in_progress
resolver (satisfied (Path is satisfied), interface: en0[802.11], uses wifi, LQM:
unknown)] Adding endpoint handler for IPv4#71f6179c:8080
[Network] [C8.1 Hostname#430e6a9a:8080 in_progress resolver (satisfied (Path is
satisfied), interface: en0[802.11], uses wifi, LQM: unknown)] event:
resolver:receive_dns @0.003s
[Network] [C8.1.1 IPv6#417e27ec.8080 initial path ((null))] event: path:start
@0.003s
[Network] [C8.1.1 IPv6#417e27ec.8080 waiting path (satisfied (Path is
satisfied), interface: lo0)] event: path:satisfied @0.003s, uuid:
37A7AAA1-8EF9-424F-8786-38A26942EE31
[Network] [C8.1.1 IPv6#417e27ec.8080 in_progress socket-flow (satisfied (Path is
satisfied), interface: lo0)] event: flow:start_connect @0.003s
[Network] nw_socket_handle_socket_event [C8.1.1:2] Socket received CONNRESET
event
[Network] nw_socket_handle_socket_event [C8.1.1:2] Socket received DISCONNECTED
event
[Network] nw_socket_handle_socket_event [C8.1.1:2] Socket SO_ERROR [61:
Connection refused]
[Network] nw_endpoint_flow_failed_with_error [C8.1.1 IPv6#417e27ec.8080
in_progress socket-flow (satisfied (Path is satisfied), interface: lo0)] already
failing, returning
[Network] [C8.1.1 IPv6#417e27ec.8080 failed socket-flow (satisfied (Path is
satisfied), interface: lo0)] event: flow:failed_connect @0.004s, error
Connection refused
[Network] [C8.1.2 IPv4#71f6179c:8080 initial path ((null))] event: path:start
@0.004s
[Network] [C8.1.2 IPv4#71f6179c:8080 waiting path (satisfied (Path is
satisfied), interface: lo0)] event: path:satisfied @0.004s, uuid:
248CC4E6-4104-4C5C-950F-DAD1E8FF4D49
[Network] [C8.1.2 IPv4#71f6179c:8080 in_progress socket-flow (satisfied (Path is
satisfied), interface: lo0)] event: flow:start_connect @0.004s
[Network] nw_socket_handle_socket_event [C8.1.2:2] Socket received CONNECTED
event
[Network] nw_flow_connected [C8.1.2 IPv4#71f6179c:8080 in_progress socket-flow
(satisfied (Path is satisfied), interface: lo0)] Transport protocol connected
(socket)
[Network] [C8.1.2 IPv4#71f6179c:8080 in_progress socket-flow (satisfied (Path is
satisfied), interface: lo0)] event: flow:finish_transport @0.005s
[Network] nw_flow_connected [C8.1.2 IPv4#71f6179c:8080 in_progress socket-flow
(satisfied (Path is satisfied), interface: lo0)] Output protocol connected
(CFNetworkConnection-2504185382)
[Network] [C8.1.2 IPv4#71f6179c:8080 ready socket-flow (satisfied (Path is
satisfied), interface: lo0)] event: flow:child_finish_connect @0.006s
[Network] [C8.1 Hostname#430e6a9a:8080 ready resolver (satisfied (Path is
satisfied), interface: en0[802.11], uses wifi, LQM: unknown)] event:
flow:child_finish_connect @0.006s
[Network] nw_flow_connected [C8 IPv4#71f6179c:8080 in_progress parent-flow
(satisfied (Path is satisfied), interface: en0[802.11], uses wifi, LQM:
unknown)] Output protocol connected (endpoint_flow)
[Network] [C8 IPv4#71f6179c:8080 ready parent-flow (satisfied (Path is
satisfied), interface: en0[802.11], uses wifi, LQM: unknown)] event:
flow:finish_connect @0.006s
[Network] nw_connection_report_state_with_handler_on_nw_queue [C8] reporting
state ready
[CFNetwork] Connection 8: connected successfully
[CFNetwork] Connection 8: ready C(N) E(N)
[CFNetwork] Task <07F2A69A-7DB2-4B50-A729-37B532F97546>.<1> now using Connection
8
[CFNetwork] Task <07F2A69A-7DB2-4B50-A729-37B532F97546>.<1> sent request, body N
0
[CFNetwork] Task <07F2A69A-7DB2-4B50-A729-37B532F97546>.<1> received response,
status 200 content K
[CFNetwork] Task <07F2A69A-7DB2-4B50-A729-37B532F97546>.<1> response ended
[CFNetwork] Task <07F2A69A-7DB2-4B50-A729-37B532F97546>.<1> done using
Connection 8
[Network] [C8] event: client:connection_idle @0.080s
[Network] nw_protocol_socket_notify [C8.1.2:2]
nw_protocol_notification_type_connection_idle is true
[Network] [C8] event: client:connection_idle @0.080s
[Network] nw_protocol_socket_notify [C8.1.2:2]
nw_protocol_notification_type_connection_idle is true
[CFNetwork] Task <07F2A69A-7DB2-4B50-A729-37B532F97546>.<1> summary for task
success {transaction_duration_ms=87, response_status=200, connection=8,
protocol="http/1.1", domain_lookup_duration_ms=2, connect_duration_ms=2,
secure_connection_duration_ms=0, private_relay=false, request_start_ms=11,
request_duration_ms=0, response_start_ms=84, response_duration_ms=0,
request_bytes=695, request_throughput_kbps=43105, response_bytes=608,
response_throughput_kbps=16888, cache_hit=true}
[CFNetwork] Task <07F2A69A-7DB2-4B50-A729-37B532F97546>.<1> finished
successfully
[UIKitCore] TX focusApplication (peekAppEvent) stealKB:Y
scene:com.farmos.mobile-default
[UIKitCore] Evaluating dispatch of UIEvent: 0x106918200; type: 0; subtype: 0;
backing type: 11; shouldSend: 1; ignoreInteractionEvents: 0,
systemGestureStateChange: 0
[UIKitCore] Sending UIEvent type: 0; subtype: 0; to windows: 1
[UIKitCore] Sending UIEvent type: 0; subtype: 0; to window: <UIWindow:
0x106a1c000>; contextId: 0x6BC2CC58
[UIKitCore] Evaluating dispatch of UIEvent: 0x106918200; type: 0; subtype: 0;
backing type: 11; shouldSend: 1; ignoreInteractionEvents: 0,
systemGestureStateChange: 0
[UIKitCore] Sending UIEvent type: 0; subtype: 0; to windows: 1
[UIKitCore] Sending UIEvent type: 0; subtype: 0; to window: <UIWindow:
0x106a1c000>; contextId: 0x6BC2CC58
[UIKitCore] Evaluating dispatch of UIEvent: 0x106918200; type: 0; subtype: 0;
backing type: 11; shouldSend: 0; ignoreInteractionEvents: 0,
systemGestureStateChange: 1
[UIKitCore] Evaluating dispatch of UIEvent: 0x106918200; type: 0; subtype: 0;
backing type: 11; shouldSend: 1; ignoreInteractionEvents: 0,
systemGestureStateChange: 0
[UIKitCore] Sending UIEvent type: 0; subtype: 0; to windows: 1
[UIKitCore] Sending UIEvent type: 0; subtype: 0; to window: <UIWindow:
0x106a1c000>; contextId: 0x6BC2CC58
[CFNetwork] Task <00C03E8F-75E9-4C52-8CBB-90CACC3FC2C5>.<2> resuming,
timeouts(0.0, 604800.0) qos(0x19) voucher((null))
activity(00000000-0000-0000-0000-000000000000)
[Network] [C8] event: client:connection_idle @1.591s
[Network] nw_protocol_socket_notify [C8.1.2:2]
nw_protocol_notification_type_connection_idle is true
[CFNetwork] Task <00C03E8F-75E9-4C52-8CBB-90CACC3FC2C5>.<2> now using Connection
8
[Network] [C8] event: client:connection_reused @1.591s
[Network] nw_protocol_socket_notify [C8.1.2:2]
nw_protocol_notification_type_connection_idle is false
[Security] SecTrustReportNetworkingAnalytics failed with error: -4
[CFNetwork] Task <00C03E8F-75E9-4C52-8CBB-90CACC3FC2C5>.<2> sent request, body N
0
[CFNetwork] Task <00C03E8F-75E9-4C52-8CBB-90CACC3FC2C5>.<2> received response,
status 200 content K
[CFNetwork] Task <00C03E8F-75E9-4C52-8CBB-90CACC3FC2C5>.<2> response ended
[CFNetwork] Task <00C03E8F-75E9-4C52-8CBB-90CACC3FC2C5>.<2> done using
Connection 8
[Network] [C8] event: client:connection_idle @1.609s
[Network] nw_protocol_socket_notify [C8.1.2:2]
nw_protocol_notification_type_connection_idle is true
[CFNetwork] Task <00C03E8F-75E9-4C52-8CBB-90CACC3FC2C5>.<2> summary for task
success {transaction_duration_ms=18, response_status=200, connection=8,
reused=1, reused_after_ms=0, request_start_ms=0, request_duration_ms=0,
response_start_ms=18, response_duration_ms=0, request_bytes=704,
request_throughput_kbps=95443, response_bytes=2544,
response_throughput_kbps=141328, cache_hit=true}
[Network] [C8] event: client:connection_idle @1.609s
[CFNetwork] Task <00C03E8F-75E9-4C52-8CBB-90CACC3FC2C5>.<2> finished
successfully
[Network] nw_protocol_socket_notify [C8.1.2:2]
nw_protocol_notification_type_connection_idle is true
[UIKitCore] <UIWindowScene: 0x104144280> (4BDF63A4-9AB5-4167-B6DE-F09F4BF6A667)
Scene updated orientation preferences: ( Pu Ll Lr ) -> ( Pu )
[UIKitCore] <UIWindowScene: 0x104144280> (4BDF63A4-9AB5-4167-B6DE-F09F4BF6A667)
Scene updated orientation preferences: ( Pu ) -> ( Pu Ll Lr )
[UIKitCore] TX focusApplication (peekAppEvent) stealKB:Y
scene:com.farmos.mobile-default
[UIKitCore] Evaluating dispatch of UIEvent: 0x106918200; type: 0; subtype: 0;
backing type: 11; shouldSend: 1; ignoreInteractionEvents: 0,
systemGestureStateChange: 0
[UIKitCore] Sending UIEvent type: 0; subtype: 0; to windows: 1
[UIKitCore] Sending UIEvent type: 0; subtype: 0; to window: <UIWindow:
0x106a1c000>; contextId: 0x6BC2CC58
[UIKitCore] Evaluating dispatch of UIEvent: 0x106918200; type: 0; subtype: 0;
backing type: 11; shouldSend: 0; ignoreInteractionEvents: 0,
systemGestureStateChange: 1
[UIKitCore] Evaluating dispatch of UIEvent: 0x106918200; type: 0; subtype: 0;
backing type: 11; shouldSend: 1; ignoreInteractionEvents: 0,
systemGestureStateChange: 0
[UIKitCore] Sending UIEvent type: 0; subtype: 0; to windows: 1
[UIKitCore] Sending UIEvent type: 0; subtype: 0; to window: <UIWindow:
0x106a1c000>; contextId: 0x6BC2CC58
[CFNetwork] Task <48CC1EA4-E0BD-4C03-9012-36319A394BE4>.<3> resuming,
timeouts(0.0, 604800.0) qos(0x19) voucher((null))
activity(00000000-0000-0000-0000-000000000000)
[Network] [C8] event: client:connection_idle @3.014s
[Network] nw_protocol_socket_notify [C8.1.2:2]
nw_protocol_notification_type_connection_idle is true
[CFNetwork] Task <48CC1EA4-E0BD-4C03-9012-36319A394BE4>.<3> now using Connection
8
[Network] [C8] event: client:connection_reused @3.014s
[Network] nw_protocol_socket_notify [C8.1.2:2]
nw_protocol_notification_type_connection_idle is false
[Security] SecTrustReportNetworkingAnalytics failed with error: -4
[CFNetwork] Task <48CC1EA4-E0BD-4C03-9012-36319A394BE4>.<3> sent request, body N
0
[CFNetwork] Task <48CC1EA4-E0BD-4C03-9012-36319A394BE4>.<3> received response,
status 200 content K
[CFNetwork] Task <48CC1EA4-E0BD-4C03-9012-36319A394BE4>.<3> response ended
[CFNetwork] Task <48CC1EA4-E0BD-4C03-9012-36319A394BE4>.<3> done using
Connection 8
[Network] [C8] event: client:connection_idle @3.018s
[CFNetwork] Task <48CC1EA4-E0BD-4C03-9012-36319A394BE4>.<3> summary for task
success {transaction_duration_ms=4, response_status=200, connection=8, reused=1,
reused_after_ms=0, request_start_ms=0, request_duration_ms=0,
response_start_ms=4, response_duration_ms=0, request_bytes=697,
request_throughput_kbps=45324, response_bytes=925,
response_throughput_kbps=34563, cache_hit=true}
[CFNetwork] Task <48CC1EA4-E0BD-4C03-9012-36319A394BE4>.<3> finished
successfully
[Network] nw_protocol_socket_notify [C8.1.2:2]
nw_protocol_notification_type_connection_idle is true
[Network] [C8] event: client:connection_idle @3.018s
[Network] nw_protocol_socket_notify [C8.1.2:2]
nw_protocol_notification_type_connection_idle is true
[UIKitCore] <UIWindowScene: 0x104144280> (4BDF63A4-9AB5-4167-B6DE-F09F4BF6A667)
Scene updated orientation preferences: ( Pu Ll Lr ) -> ( Pu )
[CFNetwork] Task <E0650612-CE2E-424C-B33C-FF0E0D460E9C>.<4> resuming,
timeouts(0.0, 604800.0) qos(0x19) voucher((null))
activity(00000000-0000-0000-0000-000000000000)
[Network] [C8] event: client:connection_idle @3.163s
[Network] nw_protocol_socket_notify [C8.1.2:2]
nw_protocol_notification_type_connection_idle is true
[CFNetwork] Task <E0650612-CE2E-424C-B33C-FF0E0D460E9C>.<4> now using Connection
8
[Network] [C8] event: client:connection_reused @3.163s
[Security] SecTrustReportNetworkingAnalytics failed with error: -4
[Network] nw_protocol_socket_notify [C8.1.2:2]
nw_protocol_notification_type_connection_idle is false
[CFNetwork] Task <E0650612-CE2E-424C-B33C-FF0E0D460E9C>.<4> sent request, body N
0
[CFNetwork] Task <E0650612-CE2E-424C-B33C-FF0E0D460E9C>.<4> received response,
status 200 content K
[CFNetwork] Task <E0650612-CE2E-424C-B33C-FF0E0D460E9C>.<4> response ended
[CFNetwork] Task <E0650612-CE2E-424C-B33C-FF0E0D460E9C>.<4> done using
Connection 8
[Network] [C8] event: client:connection_idle @3.201s
[CFNetwork] Task <E0650612-CE2E-424C-B33C-FF0E0D460E9C>.<4> summary for task
success {transaction_duration_ms=38, response_status=200, connection=8,
reused=1, reused_after_ms=0, request_start_ms=1, request_duration_ms=0,
response_start_ms=38, response_duration_ms=0, request_bytes=722,
request_throughput_kbps=35212, response_bytes=803,
response_throughput_kbps=21633, cache_hit=false}
[CFNetwork] Task <E0650612-CE2E-424C-B33C-FF0E0D460E9C>.<4> finished
successfully
[Network] nw_protocol_socket_notify [C8.1.2:2]
nw_protocol_notification_type_connection_idle is true
[Network] [C8] event: client:connection_idle @3.201s
[Network] nw_protocol_socket_notify [C8.1.2:2]
nw_protocol_notification_type_connection_idle is true
[UIKitCore] <UIWindowScene: 0x104144280> (4BDF63A4-9AB5-4167-B6DE-F09F4BF6A667)
Scene updated orientation preferences: ( Pu ) -> ( Pu Ll Lr )
[UIKitCore] TX focusApplication (peekAppEvent) stealKB:Y
scene:com.farmos.mobile-default
[UIKitCore] Evaluating dispatch of UIEvent: 0x106918200; type: 0; subtype: 0;
backing type: 11; shouldSend: 1; ignoreInteractionEvents: 0,
systemGestureStateChange: 0
[UIKitCore] Sending UIEvent type: 0; subtype: 0; to windows: 1
[UIKitCore] Sending UIEvent type: 0; subtype: 0; to window: <UIWindow:
0x106a1c000>; contextId: 0x6BC2CC58
[UIKitCore] Evaluating dispatch of UIEvent: 0x106918200; type: 0; subtype: 0;
backing type: 11; shouldSend: 0; ignoreInteractionEvents: 0,
systemGestureStateChange: 1
[UIKitCore] Evaluating dispatch of UIEvent: 0x106918200; type: 0; subtype: 0;
backing type: 11; shouldSend: 1; ignoreInteractionEvents: 0,
systemGestureStateChange: 0
[UIKitCore] Sending UIEvent type: 0; subtype: 0; to windows: 1
[UIKitCore] Sending UIEvent type: 0; subtype: 0; to window: <UIWindow:
0x106a1c000>; contextId: 0x6BC2CC58
[UIKitCore] <UIWindowScene: 0x104144280> (4BDF63A4-9AB5-4167-B6DE-F09F4BF6A667)
Scene updated orientation preferences: ( Pu Ll Lr ) -> ( Pu )
[UIKitCore] <UIWindowScene: 0x104144280> (4BDF63A4-9AB5-4167-B6DE-F09F4BF6A667)
Scene updated orientation preferences: ( Pu ) -> ( Pu Ll Lr )
[UIKitCore] TX focusApplication (peekAppEvent) stealKB:Y
scene:com.farmos.mobile-default
[UIKitCore] Evaluating dispatch of UIEvent: 0x106918200; type: 0; subtype: 0;
backing type: 11; shouldSend: 1; ignoreInteractionEvents: 0,
systemGestureStateChange: 0
[UIKitCore] Sending UIEvent type: 0; subtype: 0; to windows: 1
[UIKitCore] Sending UIEvent type: 0; subtype: 0; to window: <UIWindow:
0x106a1c000>; contextId: 0x6BC2CC58
[UIKitCore] Evaluating dispatch of UIEvent: 0x106918200; type: 0; subtype: 0;
backing type: 11; shouldSend: 0; ignoreInteractionEvents: 0,
systemGestureStateChange: 1
[UIKitCore] Evaluating dispatch of UIEvent: 0x106918200; type: 0; subtype: 0;
backing type: 11; shouldSend: 1; ignoreInteractionEvents: 0,
systemGestureStateChange: 0
[UIKitCore] Sending UIEvent type: 0; subtype: 0; to windows: 1
[UIKitCore] Sending UIEvent type: 0; subtype: 0; to window: <UIWindow:
0x106a1c000>; contextId: 0x6BC2CC58
[UIKitCore] <UIWindowScene: 0x104144280> (4BDF63A4-9AB5-4167-B6DE-F09F4BF6A667)
Scene updated orientation preferences: ( Pu Ll Lr ) -> ( Pu )
[UIKitCore] <UIWindowScene: 0x104144280> (4BDF63A4-9AB5-4167-B6DE-F09F4BF6A667)
Scene updated orientation preferences: ( Pu ) -> ( Pu Ll Lr )
2026-05-04T12:39:22.109Z expo:start:server:metro:metroWatchTypeScriptFiles Detected TypeScript file changed in the project:  /Users/weerachaipanthueng/Projects/Business/Farm-Project/mobile/src/data/index.ts
2026-05-04T12:39:22.115Z expo:start:server:metro:metroWatchTypeScriptFiles Detected TypeScript file changed in the project:  /Users/weerachaipanthueng/Projects/Business/Farm-Project/mobile/src/screens/DailyLogScreen.tsx
2026-05-04T12:39:22.378Z expo:metro:tsconfig-paths @/theme/ThemeProvider -> /Users/weerachaipanthueng/Projects/Business/Farm-Project/mobile/src/theme/ThemeProvider
2026-05-04T12:39:22.391Z expo:metro:tsconfig-paths @/theme/tokens -> /Users/weerachaipanthueng/Projects/Business/Farm-Project/mobile/src/theme/tokens
2026-05-04T12:39:22.392Z expo:metro:tsconfig-paths @/components/ui -> /Users/weerachaipanthueng/Projects/Business/Farm-Project/mobile/src/components/ui
2026-05-04T12:39:22.393Z expo:metro:tsconfig-paths @/components/icons -> /Users/weerachaipanthueng/Projects/Business/Farm-Project/mobile/src/components/icons
2026-05-04T12:39:22.394Z expo:metro:tsconfig-paths @/data -> /Users/weerachaipanthueng/Projects/Business/Farm-Project/mobile/src/data
2026-05-04T12:39:22.394Z expo:metro:tsconfig-paths @/mock/data -> /Users/weerachaipanthueng/Projects/Business/Farm-Project/mobile/src/mock/data
2026-05-04T12:39:22.394Z expo:metro:tsconfig-paths @/screens/pond-daily-log/PondDailyLogForm -> /Users/weerachaipanthueng/Projects/Business/Farm-Project/mobile/src/screens/pond-daily-log/PondDailyLogForm
2026-05-04T12:39:22.404Z expo:metro:tsconfig-paths @/api/queries -> /Users/weerachaipanthueng/Projects/Business/Farm-Project/mobile/src/api/queries
2026-05-04T12:39:22.404Z expo:metro:tsconfig-paths @/store/auth -> /Users/weerachaipanthueng/Projects/Business/Farm-Project/mobile/src/store/auth
2026-05-04T12:39:22.406Z expo:metro:tsconfig-paths @/mock/data -> /Users/weerachaipanthueng/Projects/Business/Farm-Project/mobile/src/mock/data
2026-05-04T12:39:22.439Z expo:start:server:metro:metroWatchTypeScriptFiles Detected TypeScript file changed in the project:  /Users/weerachaipanthueng/Projects/Business/Farm-Project/mobile/src/screens/pond-daily-log/PondDailyLogForm.tsx
2026-05-04T12:39:22.439Z expo:start:server:metro:metroWatchTypeScriptFiles Detected TypeScript file changed in the project:  /Users/weerachaipanthueng/Projects/Business/Farm-Project/mobile/src/screens/PondDetailScreen.tsx
| 2026-05-04T12:39:22.904Z expo:babel:server-data-loaders Skipping file outside app directory: /Users/weerachaipanthueng/Projects/Business/Farm-Project/mobile/src/screens/pond-daily-log/PondDailyLogForm.tsx
2026-05-04T12:39:23.449Z expo:metro:tsconfig-paths @/theme/ThemeProvider -> /Users/weerachaipanthueng/Projects/Business/Farm-Project/mobile/src/theme/ThemeProvider
2026-05-04T12:39:23.450Z expo:metro:tsconfig-paths @/theme/tokens -> /Users/weerachaipanthueng/Projects/Business/Farm-Project/mobile/src/theme/tokens
2026-05-04T12:39:23.450Z expo:metro:tsconfig-paths @/theme/ink -> /Users/weerachaipanthueng/Projects/Business/Farm-Project/mobile/src/theme/ink
2026-05-04T12:39:23.450Z expo:metro:tsconfig-paths @/components/ui -> /Users/weerachaipanthueng/Projects/Business/Farm-Project/mobile/src/components/ui
2026-05-04T12:39:23.451Z expo:metro:tsconfig-paths @/components/icons -> /Users/weerachaipanthueng/Projects/Business/Farm-Project/mobile/src/components/icons
2026-05-04T12:39:23.451Z expo:metro:tsconfig-paths @/components/layout/Row -> /Users/weerachaipanthueng/Projects/Business/Farm-Project/mobile/src/components/layout/Row
2026-05-04T12:39:23.451Z expo:metro:tsconfig-paths @/locale/thaiDate -> /Users/weerachaipanthueng/Projects/Business/Farm-Project/mobile/src/locale/thaiDate
2026-05-04T12:39:23.451Z expo:metro:tsconfig-paths @/mock/data -> /Users/weerachaipanthueng/Projects/Business/Farm-Project/mobile/src/mock/data
2026-05-04T12:39:23.451Z expo:metro:tsconfig-paths @/data -> /Users/weerachaipanthueng/Projects/Business/Farm-Project/mobile/src/data
| 2026-05-04T12:39:23.503Z expo:babel:server-data-loaders Skipping file outside app directory: /Users/weerachaipanthueng/Projects/Business/Farm-Project/mobile/src/screens/PondDetailScreen.tsx
2026-05-04T12:39:23.588Z expo:metro:tsconfig-paths @/theme/ThemeProvider -> /Users/weerachaipanthueng/Projects/Business/Farm-Project/mobile/src/theme/ThemeProvider
2026-05-04T12:39:23.588Z expo:metro:tsconfig-paths @/theme/tokens -> /Users/weerachaipanthueng/Projects/Business/Farm-Project/mobile/src/theme/tokens
2026-05-04T12:39:23.588Z expo:metro:tsconfig-paths @/components/ui -> /Users/weerachaipanthueng/Projects/Business/Farm-Project/mobile/src/components/ui
2026-05-04T12:39:23.588Z expo:metro:tsconfig-paths @/components/icons -> /Users/weerachaipanthueng/Projects/Business/Farm-Project/mobile/src/components/icons
2026-05-04T12:39:23.589Z expo:metro:tsconfig-paths @/components/layout/Row -> /Users/weerachaipanthueng/Projects/Business/Farm-Project/mobile/src/components/layout/Row
2026-05-04T12:39:23.589Z expo:metro:tsconfig-paths @/components/domain/StatusPip -> /Users/weerachaipanthueng/Projects/Business/Farm-Project/mobile/src/components/domain/StatusPip
2026-05-04T12:39:23.589Z expo:metro:tsconfig-paths @/components/domain/FishChips -> /Users/weerachaipanthueng/Projects/Business/Farm-Project/mobile/src/components/domain/FishChips
2026-05-04T12:39:23.589Z expo:metro:tsconfig-paths @/utils/fmt -> /Users/weerachaipanthueng/Projects/Business/Farm-Project/mobile/src/utils/fmt
2026-05-04T12:39:23.589Z expo:metro:tsconfig-paths @/locale/thaiDate -> /Users/weerachaipanthueng/Projects/Business/Farm-Project/mobile/src/locale/thaiDate
2026-05-04T12:39:23.589Z expo:metro:tsconfig-paths @/mock/data -> /Users/weerachaipanthueng/Projects/Business/Farm-Project/mobile/src/mock/data
2026-05-04T12:39:23.589Z expo:metro:tsconfig-paths @/data -> /Users/weerachaipanthueng/Projects/Business/Farm-Project/mobile/src/data
2026-05-04T12:39:23.590Z expo:metro:tsconfig-paths @/screens/pond-daily-log/PondDailyLogForm -> /Users/weerachaipanthueng/Projects/Business/Farm-Project/mobile/src/screens/pond-daily-log/PondDailyLogForm
[UIKitCore] TX focusApplication (peekAppEvent) stealKB:Y
scene:com.farmos.mobile-default
[UIKitCore] Evaluating dispatch of UIEvent: 0x106918200; type: 0; subtype: 0;
backing type: 11; shouldSend: 1; ignoreInteractionEvents: 0,
systemGestureStateChange: 0
[UIKitCore] Sending UIEvent type: 0; subtype: 0; to windows: 1
[UIKitCore] Sending UIEvent type: 0; subtype: 0; to window: <UIWindow:
0x106a1c000>; contextId: 0x6BC2CC58
[UIKitCore] Evaluating dispatch of UIEvent: 0x106918200; type: 0; subtype: 0;
backing type: 11; shouldSend: 1; ignoreInteractionEvents: 0,
systemGestureStateChange: 0
[UIKitCore] Sending UIEvent type: 0; subtype: 0; to windows: 1
[UIKitCore] Sending UIEvent type: 0; subtype: 0; to window: <UIWindow:
0x106a1c000>; contextId: 0x6BC2CC58
[UIKitCore] Evaluating dispatch of UIEvent: 0x106918200; type: 0; subtype: 0;
backing type: 11; shouldSend: 0; ignoreInteractionEvents: 0,
systemGestureStateChange: 1
[UIKitCore] <UIWindowScene: 0x104144280> (4BDF63A4-9AB5-4167-B6DE-F09F4BF6A667)
Scene updated orientation preferences: ( Pu Ll Lr ) -> ( Pu )
[UIKitCore] <UIWindowScene: 0x104144280> (4BDF63A4-9AB5-4167-B6DE-F09F4BF6A667)
Scene updated orientation preferences: ( Pu ) -> ( Pu Ll Lr )
[BackBoardServices] Activating connection to server: (null)
[BackBoardServices] server remote target
<BSXPCServiceConnectionProxy<BKSKeyboardServiceClientToServerIPC>: 0x119bd66f0>
[BackBoardServices] currently observing: YES
[BackBoardServices] connected: (
"<BKSHIDKeyboardDevice: 0x106b4cdc0> {\n    senderID: 0xACEFADE00000003;\n
transport: <nil>;\n    language: <nil>;\n    layout: US;\n    countryCode: 0;\n
standardType: 4294967295;\n    subinterfaceID: 0;\n
capsLockKeyHasLanguageSwitchLabel: NO;\n    globeKeyLabelHasGlobeSymbol: NO;\n}"
)
[BackBoardServices] currently observing: NO
[BackBoardServices] disconnected: (
"<BKSHIDKeyboardDevice: 0x106b4cdc0> {\n    senderID: 0xACEFADE00000003;\n
transport: <nil>;\n    language: <nil>;\n    layout: US;\n    countryCode: 0;\n
standardType: 4294967295;\n    subinterfaceID: 0;\n
capsLockKeyHasLanguageSwitchLabel: NO;\n    globeKeyLabelHasGlobeSymbol: NO;\n}"
)
[BackBoardServices] currently observing: YES
[BackBoardServices] connected: (
"<BKSHIDKeyboardDevice: 0x106b4cc60> {\n    senderID: 0xACEFADE00000003;\n
transport: <nil>;\n    language: <nil>;\n    layout: US;\n    countryCode: 0;\n
standardType: 4294967295;\n    subinterfaceID: 0;\n
capsLockKeyHasLanguageSwitchLabel: NO;\n    globeKeyLabelHasGlobeSymbol: NO;\n}"
)
[BackBoardServices] currently observing: NO
[BackBoardServices] disconnected: (
"<BKSHIDKeyboardDevice: 0x106b4cc60> {\n    senderID: 0xACEFADE00000003;\n
transport: <nil>;\n    language: <nil>;\n    layout: US;\n    countryCode: 0;\n
standardType: 4294967295;\n    subinterfaceID: 0;\n
capsLockKeyHasLanguageSwitchLabel: NO;\n    globeKeyLabelHasGlobeSymbol: NO;\n}"
)
[UIKitCore] -[UIApplication
GSKeyboardForHWLayout:senderID:forceRebuild:createIfNeeded:], New hardware
layout is created with US layout and 0 standardType.
[BackBoardServices] currently observing: YES
[BackBoardServices] connected: (
"<BKSHIDKeyboardDevice: 0x106b4ce40> {\n    senderID: 0xACEFADE00000003;\n
transport: <nil>;\n    language: <nil>;\n    layout: US;\n    countryCode: 0;\n
standardType: 4294967295;\n    subinterfaceID: 0;\n
capsLockKeyHasLanguageSwitchLabel: NO;\n    globeKeyLabelHasGlobeSymbol: NO;\n}"
)
[BackBoardServices] currently observing: NO
[BackBoardServices] disconnected: (
"<BKSHIDKeyboardDevice: 0x106b4ce40> {\n    senderID: 0xACEFADE00000003;\n
transport: <nil>;\n    language: <nil>;\n    layout: US;\n    countryCode: 0;\n
standardType: 4294967295;\n    subinterfaceID: 0;\n
capsLockKeyHasLanguageSwitchLabel: NO;\n    globeKeyLabelHasGlobeSymbol: NO;\n}"
)
[UIKitCore] Sending UIEvent type: 4; subtype: 0; to windows: 1
[UIKitCore] Sending UIEvent type: 4; subtype: 0; to window: <UIWindow:
0x106a1c000>; contextId: 0x6BC2CC58
[UIKitCore] -[_UIKeyboardStateManager
initWithPresentationDelegateView:forCustomInputView:]
UIDevice.currentDevice._hardwareKeyboardAvailable = YES
[BackBoardServices] currently observing: YES
[BackBoardServices] connected: (
"<BKSHIDKeyboardDevice: 0x106b4cc60> {\n    senderID: 0xACEFADE00000003;\n
transport: <nil>;\n    language: <nil>;\n    layout: US;\n    countryCode: 0;\n
standardType: 4294967295;\n    subinterfaceID: 0;\n
capsLockKeyHasLanguageSwitchLabel: NO;\n    globeKeyLabelHasGlobeSymbol: NO;\n}"
)
[BackBoardServices] currently observing: NO
[BackBoardServices] disconnected: (
"<BKSHIDKeyboardDevice: 0x106b4cc60> {\n    senderID: 0xACEFADE00000003;\n
transport: <nil>;\n    language: <nil>;\n    layout: US;\n    countryCode: 0;\n
standardType: 4294967295;\n    subinterfaceID: 0;\n
capsLockKeyHasLanguageSwitchLabel: NO;\n    globeKeyLabelHasGlobeSymbol: NO;\n}"
)
[libxpc.dylib] [0x117f86300] activating connection: mach=true listener=false
peer=false name=com.apple.TextInput
[BackBoardServices] currently observing: YES
[BackBoardServices] connected: (
"<BKSHIDKeyboardDevice: 0x119c05d20> {\n    senderID: 0xACEFADE00000003;\n
transport: <nil>;\n    language: <nil>;\n    layout: US;\n    countryCode: 0;\n
standardType: 4294967295;\n    subinterfaceID: 0;\n
capsLockKeyHasLanguageSwitchLabel: NO;\n    globeKeyLabelHasGlobeSymbol: NO;\n}"
)
[BackBoardServices] currently observing: NO
[BackBoardServices] disconnected: (
"<BKSHIDKeyboardDevice: 0x119c05d20> {\n    senderID: 0xACEFADE00000003;\n
transport: <nil>;\n    language: <nil>;\n    layout: US;\n    countryCode: 0;\n
standardType: 4294967295;\n    subinterfaceID: 0;\n
capsLockKeyHasLanguageSwitchLabel: NO;\n    globeKeyLabelHasGlobeSymbol: NO;\n}"
)
[BackBoardServices] currently observing: YES
[BackBoardServices] connected: (
"<BKSHIDKeyboardDevice: 0x119c067c0> {\n    senderID: 0xACEFADE00000003;\n
transport: <nil>;\n    language: <nil>;\n    layout: US;\n    countryCode: 0;\n
standardType: 4294967295;\n    subinterfaceID: 0;\n
capsLockKeyHasLanguageSwitchLabel: NO;\n    globeKeyLabelHasGlobeSymbol: NO;\n}"
)
[BackBoardServices] currently observing: NO
[BackBoardServices] disconnected: (
"<BKSHIDKeyboardDevice: 0x119c067c0> {\n    senderID: 0xACEFADE00000003;\n
transport: <nil>;\n    language: <nil>;\n    layout: US;\n    countryCode: 0;\n
standardType: 4294967295;\n    subinterfaceID: 0;\n
capsLockKeyHasLanguageSwitchLabel: NO;\n    globeKeyLabelHasGlobeSymbol: NO;\n}"
)
[UIKitCore] <_UIKBFeedbackGenerator: 0x10d0ae100>: Updating mode. Haptics:
unsupported. Haptics: disabled. Ringer: on. Sound: enabled. Mode: audio only
[UIKitCore] Keyboard receives keyEvent type: 4; subtype: 0
[UIKitCore] Evaluating dispatch of UIEvent: 0x117cb8000; type: 4; subtype: 0;
backing type: 3; shouldSend: 0; ignoreInteractionEvents: 0,
systemGestureStateChange: 0
[UIKitCore] Sending UIEvent type: 4; subtype: 0; to windows: 1
[UIKitCore] Sending UIEvent type: 4; subtype: 0; to window: <UIWindow:
0x106a1c000>; contextId: 0x6BC2CC58
[UIKitCore] Keyboard receives keyEvent type: 4; subtype: 0
[UIKitCore] Evaluating dispatch of UIEvent: 0x117cb8000; type: 4; subtype: 0;
backing type: 3; shouldSend: 0; ignoreInteractionEvents: 0,
systemGestureStateChange: 0
[UIKitCore] Sending UIEvent type: 4; subtype: 0; to windows: 1
[UIKitCore] Sending UIEvent type: 4; subtype: 0; to window: <UIWindow:
0x106a1c000>; contextId: 0x6BC2CC58
[UIKitCore] Keyboard receives keyEvent type: 4; subtype: 0
[UIKitCore] Evaluating dispatch of UIEvent: 0x117cb8000; type: 4; subtype: 0;
backing type: 3; shouldSend: 0; ignoreInteractionEvents: 0,
systemGestureStateChange: 0
[UIKitCore] Sending UIEvent type: 4; subtype: 0; to windows: 1
[UIKitCore] Sending UIEvent type: 4; subtype: 0; to window: <UIWindow:
0x106a1c000>; contextId: 0x6BC2CC58
[UIKitCore] Keyboard receives keyEvent type: 4; subtype: 0
[UIKitCore] Evaluating dispatch of UIEvent: 0x117cb8000; type: 4; subtype: 0;
backing type: 3; shouldSend: 0; ignoreInteractionEvents: 0,
systemGestureStateChange: 0
[UIKitCore] Sending UIEvent type: 4; subtype: 0; to windows: 0
[UIKitCore] Evaluating dispatch of UIEvent: 0x117cb8000; type: 4; subtype: 0;
backing type: 3; shouldSend: 0; ignoreInteractionEvents: 0,
systemGestureStateChange: 0
[UIKitCore] TX focusApplication (peekAppEvent) stealKB:Y
scene:com.farmos.mobile-default
[UIKitCore] Evaluating dispatch of UIEvent: 0x106918200; type: 0; subtype: 0;
backing type: 11; shouldSend: 1; ignoreInteractionEvents: 0,
systemGestureStateChange: 0
[UIKitCore] Sending UIEvent type: 0; subtype: 0; to windows: 1
[UIKitCore] Sending UIEvent type: 0; subtype: 0; to window: <UIWindow:
0x106a1c000>; contextId: 0x6BC2CC58
[UIKitCore] Evaluating dispatch of UIEvent: 0x106918200; type: 0; subtype: 0;
backing type: 11; shouldSend: 0; ignoreInteractionEvents: 0,
systemGestureStateChange: 1
[UIKitCore] Evaluating dispatch of UIEvent: 0x106918200; type: 0; subtype: 0;
backing type: 11; shouldSend: 1; ignoreInteractionEvents: 0,
systemGestureStateChange: 0
[UIKitCore] Sending UIEvent type: 0; subtype: 0; to windows: 1
[UIKitCore] Sending UIEvent type: 0; subtype: 0; to window: <UIWindow:
0x106a1c000>; contextId: 0x6BC2CC58
[UIKitCore] <UIWindowScene: 0x104144280> (4BDF63A4-9AB5-4167-B6DE-F09F4BF6A667)
Scene updated orientation preferences: ( Pu Ll Lr ) -> ( Pu )
[UIKitCore] endInputSession completion is disabled
[UIKitCore] <UIWindowScene: 0x104144280> (4BDF63A4-9AB5-4167-B6DE-F09F4BF6A667)
Scene updated orientation preferences: ( Pu ) -> ( Pu Ll Lr )
[CFNetwork] Connection 8: cleaning up
[Network] [C8 4BDAA47A-9D45-446E-BD64-167AE57A529E Hostname#430e6a9a:8080 tcp,
url: http://localhost:8080/api/v1/farm, definite, attribution: developer] cancel
[Network] [C8 4BDAA47A-9D45-446E-BD64-167AE57A529E Hostname#430e6a9a:8080 tcp,
url: http://localhost:8080/api/v1/farm, definite, attribution: developer]
cancelled
[C8.1.2 248CC4E6-4104-4C5C-950F-DAD1E8FF4D49
127.0.0.1:52454<->IPv4#71f6179c:8080]
Connected Path: satisfied (Path is satisfied), interface: lo0
Privacy Stance: Not Eligible
Duration: 33.744s, DNS @0.001s took 0.002s, TCP @0.004s took 0.001s
bytes in/out: 4880/2818, packets in/out: 7/4, rtt: 0.001s, retransmitted bytes:
0, out-of-order bytes: 0
ecn packets sent/acked/marked/lost: 0/0/0/0
[Network] nw_connection_report_state_with_handler_on_nw_queue [C8] reporting
state cancelled
[CFNetwork] Connection 8: done
[UIKitCore] TX focusApplication (peekAppEvent) stealKB:Y
scene:com.farmos.mobile-default
[UIKitCore] Evaluating dispatch of UIEvent: 0x106918200; type: 0; subtype: 0;
backing type: 11; shouldSend: 1; ignoreInteractionEvents: 0,
systemGestureStateChange: 0
[UIKitCore] Sending UIEvent type: 0; subtype: 0; to windows: 1
[UIKitCore] Sending UIEvent type: 0; subtype: 0; to window: <UIWindow:
0x106a1c000>; contextId: 0x6BC2CC58
[UIKitCore] Evaluating dispatch of UIEvent: 0x106918200; type: 0; subtype: 0;
backing type: 11; shouldSend: 0; ignoreInteractionEvents: 0,
systemGestureStateChange: 1
[UIKitCore] Evaluating dispatch of UIEvent: 0x106918200; type: 0; subtype: 0;
backing type: 11; shouldSend: 1; ignoreInteractionEvents: 0,
systemGestureStateChange: 0
[UIKitCore] Sending UIEvent type: 0; subtype: 0; to windows: 1
[UIKitCore] Sending UIEvent type: 0; subtype: 0; to window: <UIWindow:
0x106a1c000>; contextId: 0x6BC2CC58
[UIKitCore] <UIWindowScene: 0x104144280> (4BDF63A4-9AB5-4167-B6DE-F09F4BF6A667)
Scene updated orientation preferences: ( Pu Ll Lr ) -> ( Pu )
[UIKitCore] <UIWindowScene: 0x104144280> (4BDF63A4-9AB5-4167-B6DE-F09F4BF6A667)
Scene updated orientation preferences: ( Pu ) -> ( Pu Ll Lr )
[UIKitCore] Sending UIEvent type: 4; subtype: 0; to windows: 1
[UIKitCore] Sending UIEvent type: 4; subtype: 0; to window: <UIWindow:
0x106a1c000>; contextId: 0x6BC2CC58
[UIKitCore] Keyboard receives keyEvent type: 4; subtype: 0
[UIKitCore] Evaluating dispatch of UIEvent: 0x117cb8000; type: 4; subtype: 0;
backing type: 3; shouldSend: 0; ignoreInteractionEvents: 0,
systemGestureStateChange: 0
[UIKitCore] Sending UIEvent type: 4; subtype: 0; to windows: 1
[UIKitCore] Sending UIEvent type: 4; subtype: 0; to window: <UIWindow:
0x106a1c000>; contextId: 0x6BC2CC58
[UIKitCore] Keyboard receives keyEvent type: 4; subtype: 0
[UIKitCore] Evaluating dispatch of UIEvent: 0x117cb8000; type: 4; subtype: 0;
backing type: 3; shouldSend: 0; ignoreInteractionEvents: 0,
systemGestureStateChange: 0
[UIKitCore] Sending UIEvent type: 4; subtype: 0; to windows: 1
[UIKitCore] Sending UIEvent type: 4; subtype: 0; to window: <UIWindow:
0x106a1c000>; contextId: 0x6BC2CC58
[UIKitCore] Keyboard receives keyEvent type: 4; subtype: 0
[UIKitCore] Evaluating dispatch of UIEvent: 0x117cb8000; type: 4; subtype: 0;
backing type: 3; shouldSend: 0; ignoreInteractionEvents: 0,
systemGestureStateChange: 0
[UIKitCore] Sending UIEvent type: 4; subtype: 0; to windows: 1
[UIKitCore] Sending UIEvent type: 4; subtype: 0; to window: <UIWindow:
0x106a1c000>; contextId: 0x6BC2CC58
[UIKitCore] Keyboard receives keyEvent type: 4; subtype: 0
[UIKitCore] Evaluating dispatch of UIEvent: 0x117cb8000; type: 4; subtype: 0;
backing type: 3; shouldSend: 0; ignoreInteractionEvents: 0,
systemGestureStateChange: 0
[UIKitCore] TX focusApplication (peekAppEvent) stealKB:Y
scene:com.farmos.mobile-default
[UIKitCore] Evaluating dispatch of UIEvent: 0x106918200; type: 0; subtype: 0;
backing type: 11; shouldSend: 1; ignoreInteractionEvents: 0,
systemGestureStateChange: 0
[UIKitCore] Sending UIEvent type: 0; subtype: 0; to windows: 1
[UIKitCore] Sending UIEvent type: 0; subtype: 0; to window: <UIWindow:
0x106a1c000>; contextId: 0x6BC2CC58
[UIKitCore] Evaluating dispatch of UIEvent: 0x106918200; type: 0; subtype: 0;
backing type: 11; shouldSend: 1; ignoreInteractionEvents: 0,
systemGestureStateChange: 0
[UIKitCore] Sending UIEvent type: 0; subtype: 0; to windows: 1
[UIKitCore] Sending UIEvent type: 0; subtype: 0; to window: <UIWindow:
0x106a1c000>; contextId: 0x6BC2CC58
[UIKitCore] Evaluating dispatch of UIEvent: 0x106918200; type: 0; subtype: 0;
backing type: 11; shouldSend: 0; ignoreInteractionEvents: 0,
systemGestureStateChange: 1
[UIKitCore] <UIWindowScene: 0x104144280> (4BDF63A4-9AB5-4167-B6DE-F09F4BF6A667)
Scene updated orientation preferences: ( Pu Ll Lr ) -> ( Pu )
[UIKitCore] <UIWindowScene: 0x104144280> (4BDF63A4-9AB5-4167-B6DE-F09F4BF6A667)
Scene updated orientation preferences: ( Pu ) -> ( Pu Ll Lr )
[UIKitCore] Sending UIEvent type: 4; subtype: 0; to windows: 1
[UIKitCore] Sending UIEvent type: 4; subtype: 0; to window: <UIWindow:
0x106a1c000>; contextId: 0x6BC2CC58
[UIKitCore] Keyboard receives keyEvent type: 4; subtype: 0
[UIKitCore] Evaluating dispatch of UIEvent: 0x117cb8000; type: 4; subtype: 0;
backing type: 3; shouldSend: 0; ignoreInteractionEvents: 0,
systemGestureStateChange: 0
[UIKitCore] Sending UIEvent type: 4; subtype: 0; to windows: 1
[UIKitCore] Sending UIEvent type: 4; subtype: 0; to window: <UIWindow:
0x106a1c000>; contextId: 0x6BC2CC58
[UIKitCore] Keyboard receives keyEvent type: 4; subtype: 0
[UIKitCore] Evaluating dispatch of UIEvent: 0x117cb8000; type: 4; subtype: 0;
backing type: 3; shouldSend: 0; ignoreInteractionEvents: 0,
systemGestureStateChange: 0
[UIKitCore] Sending UIEvent type: 4; subtype: 0; to windows: 1
[UIKitCore] Sending UIEvent type: 4; subtype: 0; to window: <UIWindow:
0x106a1c000>; contextId: 0x6BC2CC58
[UIKitCore] Keyboard receives keyEvent type: 4; subtype: 0
[UIKitCore] Evaluating dispatch of UIEvent: 0x117cb8000; type: 4; subtype: 0;
backing type: 3; shouldSend: 0; ignoreInteractionEvents: 0,
systemGestureStateChange: 0
[UIKitCore] Sending UIEvent type: 4; subtype: 0; to windows: 1
[UIKitCore] Sending UIEvent type: 4; subtype: 0; to window: <UIWindow:
0x106a1c000>; contextId: 0x6BC2CC58
[UIKitCore] Keyboard receives keyEvent type: 4; subtype: 0
[UIKitCore] Evaluating dispatch of UIEvent: 0x117cb8000; type: 4; subtype: 0;
backing type: 3; shouldSend: 0; ignoreInteractionEvents: 0,
systemGestureStateChange: 0
2026-05-04T12:46:01.120Z expo:start:server:metro:multi-platform Skipping production module: ./cjs/react.production.js
2026-05-04T12:46:01.129Z expo:start:server:metro:multi-platform Skipping production module: ./cjs/react-jsx-runtime.production.js
2026-05-04T12:46:01.400Z expo:start:server:metro:multi-platform Skipping production module: ../implementations/ReactFabric-prod
2026-05-04T12:46:01.401Z expo:start:server:metro:multi-platform Skipping production module: ./cjs/scheduler.native.production.js
2026-05-04T12:46:01.460Z expo:start:server:metro:multi-platform Skipping production module: ../implementations/ReactNativeRenderer-prod
2026-05-04T12:46:01.468Z expo:start:server:metro:multi-platform Skipping production module: ./cjs/react-is.production.min.js
2026-05-04T12:46:01.476Z expo:start:server:metro:multi-platform Skipping production module: ./cjs/react-refresh-runtime.production.min.js
2026-05-04T12:46:01.501Z expo:metro:tsconfig-paths @/theme/ThemeProvider -> /Users/weerachaipanthueng/Projects/Business/Farm-Project/mobile/src/theme/ThemeProvider
2026-05-04T12:46:01.501Z expo:metro:tsconfig-paths @/components/icons -> /Users/weerachaipanthueng/Projects/Business/Farm-Project/mobile/src/components/icons
2026-05-04T12:46:01.501Z expo:metro:tsconfig-paths @/theme/tokens -> /Users/weerachaipanthueng/Projects/Business/Farm-Project/mobile/src/theme/tokens
2026-05-04T12:46:01.518Z expo:start:server:metro:multi-platform Skipping production module: ./cjs/react-is.production.js
2026-05-04T12:46:01.545Z expo:metro:withMetroResolvers Custom resolver (requestPostRewrites) threw: FailedToResolveNameError. (module: @react-native-masked-view/masked-view, platform: ios, env: undefined, origin: /Users/weerachaipanthueng/Projects/Business/Farm-Project/mobile/node_modules/@react-navigation/elements/lib/module/MaskedViewNative.js)
2026-05-04T12:46:01.547Z expo:metro:withMetroResolvers Custom resolver (requestPostRewrites) threw: FailedToResolveNameError. (module: @react-native-masked-view/masked-view, platform: ios, env: undefined, origin: /Users/weerachaipanthueng/Projects/Business/Farm-Project/mobile/node_modules/@react-navigation/elements/lib/module/MaskedViewNative.js)
2026-05-04T12:46:01.553Z expo:metro:withMetroResolvers Number of explored stacks: 2
2026-05-04T12:46:01.556Z expo:metro:withMetroResolvers Found inverse graph: {
  "frames": [
    {
      "origin": "/Users/weerachaipanthueng/Projects/Business/Farm-Project/mobile/node_modules/@react-navigation/elements/lib/module/MaskedViewNative.js",
      "request": "@react-native-masked-view/masked-view"
    },
    {
      "origin": "/Users/weerachaipanthueng/Projects/Business/Farm-Project/mobile/node_modules/@react-navigation/elements/lib/module/MaskedView.ios.js",
      "request": "./MaskedViewNative.js"
    },
    {
      "origin": "/Users/weerachaipanthueng/Projects/Business/Farm-Project/mobile/node_modules/@react-navigation/elements/lib/module/Header/HeaderBackButton.js",
      "request": "../MaskedView"
    },
    {
      "origin": "/Users/weerachaipanthueng/Projects/Business/Farm-Project/mobile/node_modules/@react-navigation/elements/lib/module/index.js",
      "request": "./Header/HeaderBackButton.js"
    },
    {
      "origin": "/Users/weerachaipanthueng/Projects/Business/Farm-Project/mobile/node_modules/@react-navigation/bottom-tabs/lib/module/views/BottomTabView.js",
      "request": "@react-navigation/elements"
    },
    {
      "origin": "/Users/weerachaipanthueng/Projects/Business/Farm-Project/mobile/node_modules/@react-navigation/bottom-tabs/lib/module/index.js",
      "request": "./views/BottomTabView.js"
    },
    {
      "origin": "/Users/weerachaipanthueng/Projects/Business/Farm-Project/mobile/node_modules/expo-router/build/views/ErrorBoundary.js",
      "request": "@react-navigation/bottom-tabs"
    },
    {
      "origin": "/Users/weerachaipanthueng/Projects/Business/Farm-Project/mobile/node_modules/expo-router/build/exports.js",
      "request": "./views/ErrorBoundary"
    },
    {
      "origin": "/Users/weerachaipanthueng/Projects/Business/Farm-Project/mobile/node_modules/expo-router/build/index.js",
      "request": "./exports"
    },
    {
      "origin": "/Users/weerachaipanthueng/Projects/Business/Farm-Project/mobile/src/app/(app)/(tabs)/_layout.tsx",
      "request": "expo-router"
    },
    {
      "origin": "/Users/weerachaipanthueng/Projects/Business/Farm-Project/mobile/src/app?ctx=3ab07f305c4346b25020dd398f4d6d4dc9229acb",
      "request": "/Users/weerachaipanthueng/Projects/Business/Farm-Project/mobile/src/app/(app)/(tabs)/_layout.tsx"
    }
  ],
  "serverRoot": true
}
2026-05-04T12:46:01.616Z expo:metro:tsconfig-paths @/theme/ThemeProvider -> /Users/weerachaipanthueng/Projects/Business/Farm-Project/mobile/src/theme/ThemeProvider
2026-05-04T12:46:01.643Z expo:metro:tsconfig-paths @/theme/ThemeProvider -> /Users/weerachaipanthueng/Projects/Business/Farm-Project/mobile/src/theme/ThemeProvider
2026-05-04T12:46:01.643Z expo:metro:tsconfig-paths @/theme/tokens -> /Users/weerachaipanthueng/Projects/Business/Farm-Project/mobile/src/theme/tokens
2026-05-04T12:46:01.643Z expo:metro:tsconfig-paths @/components/ui -> /Users/weerachaipanthueng/Projects/Business/Farm-Project/mobile/src/components/ui
2026-05-04T12:46:01.644Z expo:metro:tsconfig-paths @/components/icons -> /Users/weerachaipanthueng/Projects/Business/Farm-Project/mobile/src/components/icons
2026-05-04T12:46:01.644Z expo:metro:tsconfig-paths @/components/layout/Row -> /Users/weerachaipanthueng/Projects/Business/Farm-Project/mobile/src/components/layout/Row
2026-05-04T12:46:01.644Z expo:metro:tsconfig-paths @/utils/fmt -> /Users/weerachaipanthueng/Projects/Business/Farm-Project/mobile/src/utils/fmt
2026-05-04T12:46:01.644Z expo:metro:tsconfig-paths @/data -> /Users/weerachaipanthueng/Projects/Business/Farm-Project/mobile/src/data
2026-05-04T12:46:01.645Z expo:metro:tsconfig-paths @/components/layout/ThemedSafeAreaView -> /Users/weerachaipanthueng/Projects/Business/Farm-Project/mobile/src/components/layout/ThemedSafeAreaView
2026-05-04T12:46:01.645Z expo:metro:tsconfig-paths @/screens/FarmsScreen -> /Users/weerachaipanthueng/Projects/Business/Farm-Project/mobile/src/screens/FarmsScreen
2026-05-04T12:46:01.646Z expo:metro:tsconfig-paths @/theme/ThemeProvider -> /Users/weerachaipanthueng/Projects/Business/Farm-Project/mobile/src/theme/ThemeProvider
2026-05-04T12:46:01.648Z expo:metro:tsconfig-paths @/theme/ThemeProvider -> /Users/weerachaipanthueng/Projects/Business/Farm-Project/mobile/src/theme/ThemeProvider
2026-05-04T12:46:01.648Z expo:metro:tsconfig-paths @/theme/tokens -> /Users/weerachaipanthueng/Projects/Business/Farm-Project/mobile/src/theme/tokens
2026-05-04T12:46:01.648Z expo:metro:tsconfig-paths @/theme/ink -> /Users/weerachaipanthueng/Projects/Business/Farm-Project/mobile/src/theme/ink
2026-05-04T12:46:01.652Z expo:metro:tsconfig-paths @/components/icons -> /Users/weerachaipanthueng/Projects/Business/Farm-Project/mobile/src/components/icons
2026-05-04T12:46:01.655Z expo:metro:tsconfig-paths @/api/queries -> /Users/weerachaipanthueng/Projects/Business/Farm-Project/mobile/src/api/queries
2026-05-04T12:46:01.655Z expo:metro:tsconfig-paths @/store/auth -> /Users/weerachaipanthueng/Projects/Business/Farm-Project/mobile/src/store/auth
2026-05-04T12:46:01.655Z expo:metro:tsconfig-paths @/mock/data -> /Users/weerachaipanthueng/Projects/Business/Farm-Project/mobile/src/mock/data
2026-05-04T12:46:01.672Z expo:metro:tsconfig-paths @/store/auth -> /Users/weerachaipanthueng/Projects/Business/Farm-Project/mobile/src/store/auth
2026-05-04T12:46:01.672Z expo:metro:tsconfig-paths @/screens/home/components/quick-actions-sheet -> /Users/weerachaipanthueng/Projects/Business/Farm-Project/mobile/src/screens/home/components/quick-actions-sheet
2026-05-04T12:46:01.673Z expo:metro:tsconfig-paths @/components/ui -> /Users/weerachaipanthueng/Projects/Business/Farm-Project/mobile/src/components/ui
2026-05-04T12:46:01.673Z expo:metro:tsconfig-paths @/screens/home -> /Users/weerachaipanthueng/Projects/Business/Farm-Project/mobile/src/screens/home
2026-05-04T12:46:01.674Z expo:metro:tsconfig-paths @/theme/ThemeProvider -> /Users/weerachaipanthueng/Projects/Business/Farm-Project/mobile/src/theme/ThemeProvider
2026-05-04T12:46:01.674Z expo:metro:tsconfig-paths @/theme/tokens -> /Users/weerachaipanthueng/Projects/Business/Farm-Project/mobile/src/theme/tokens
2026-05-04T12:46:01.674Z expo:metro:tsconfig-paths @/components/icons -> /Users/weerachaipanthueng/Projects/Business/Farm-Project/mobile/src/components/icons
2026-05-04T12:46:01.674Z expo:metro:tsconfig-paths @/components/ui -> /Users/weerachaipanthueng/Projects/Business/Farm-Project/mobile/src/components/ui
2026-05-04T12:46:01.674Z expo:metro:tsconfig-paths @/components/layout/Row -> /Users/weerachaipanthueng/Projects/Business/Farm-Project/mobile/src/components/layout/Row
2026-05-04T12:46:01.675Z expo:metro:tsconfig-paths @/locale/thaiDate -> /Users/weerachaipanthueng/Projects/Business/Farm-Project/mobile/src/locale/thaiDate
2026-05-04T12:46:01.675Z expo:metro:tsconfig-paths @/mock/data -> /Users/weerachaipanthueng/Projects/Business/Farm-Project/mobile/src/mock/data
2026-05-04T12:46:01.675Z expo:metro:tsconfig-paths @/store/auth -> /Users/weerachaipanthueng/Projects/Business/Farm-Project/mobile/src/store/auth
2026-05-04T12:46:01.676Z expo:metro:tsconfig-paths @/theme/ThemeProvider -> /Users/weerachaipanthueng/Projects/Business/Farm-Project/mobile/src/theme/ThemeProvider
2026-05-04T12:46:01.676Z expo:metro:tsconfig-paths @/theme/tokens -> /Users/weerachaipanthueng/Projects/Business/Farm-Project/mobile/src/theme/tokens
2026-05-04T12:46:01.676Z expo:metro:tsconfig-paths @/components/ui -> /Users/weerachaipanthueng/Projects/Business/Farm-Project/mobile/src/components/ui
2026-05-04T12:46:01.677Z expo:metro:tsconfig-paths @/components/icons -> /Users/weerachaipanthueng/Projects/Business/Farm-Project/mobile/src/components/icons
2026-05-04T12:46:01.681Z expo:metro:tsconfig-paths @/store/auth -> /Users/weerachaipanthueng/Projects/Business/Farm-Project/mobile/src/store/auth
2026-05-04T12:46:01.681Z expo:metro:tsconfig-paths @/mock/data -> /Users/weerachaipanthueng/Projects/Business/Farm-Project/mobile/src/mock/data
2026-05-04T12:46:01.681Z expo:metro:tsconfig-paths @/screens/ProfileScreen -> /Users/weerachaipanthueng/Projects/Business/Farm-Project/mobile/src/screens/ProfileScreen
2026-05-04T12:46:01.681Z expo:metro:tsconfig-paths @/theme/ink -> /Users/weerachaipanthueng/Projects/Business/Farm-Project/mobile/src/theme/ink
2026-05-04T12:46:01.682Z expo:metro:tsconfig-paths @/components/ui -> /Users/weerachaipanthueng/Projects/Business/Farm-Project/mobile/src/components/ui
2026-05-04T12:46:01.682Z expo:metro:tsconfig-paths @/components/layout/Row -> /Users/weerachaipanthueng/Projects/Business/Farm-Project/mobile/src/components/layout/Row
2026-05-04T12:46:01.682Z expo:metro:tsconfig-paths @/utils/fmt -> /Users/weerachaipanthueng/Projects/Business/Farm-Project/mobile/src/utils/fmt
2026-05-04T12:46:01.683Z expo:metro:tsconfig-paths @/components/layout/ThemedSafeAreaView -> /Users/weerachaipanthueng/Projects/Business/Farm-Project/mobile/src/components/layout/ThemedSafeAreaView
2026-05-04T12:46:01.684Z expo:metro:tsconfig-paths @/theme/tokens -> /Users/weerachaipanthueng/Projects/Business/Farm-Project/mobile/src/theme/tokens
2026-05-04T12:46:01.684Z expo:metro:tsconfig-paths @/components/ui -> /Users/weerachaipanthueng/Projects/Business/Farm-Project/mobile/src/components/ui
2026-05-04T12:46:01.684Z expo:metro:tsconfig-paths @/components/icons -> /Users/weerachaipanthueng/Projects/Business/Farm-Project/mobile/src/components/icons
2026-05-04T12:46:01.684Z expo:metro:tsconfig-paths @/screens/home -> /Users/weerachaipanthueng/Projects/Business/Farm-Project/mobile/src/screens/home
2026-05-04T12:46:01.684Z expo:metro:tsconfig-paths @/screens/FarmsScreen -> /Users/weerachaipanthueng/Projects/Business/Farm-Project/mobile/src/screens/FarmsScreen
2026-05-04T12:46:01.685Z expo:metro:tsconfig-paths @/screens/FarmPondsScreen -> /Users/weerachaipanthueng/Projects/Business/Farm-Project/mobile/src/screens/FarmPondsScreen
2026-05-04T12:46:01.685Z expo:metro:tsconfig-paths @/screens/ProfileScreen -> /Users/weerachaipanthueng/Projects/Business/Farm-Project/mobile/src/screens/ProfileScreen
2026-05-04T12:46:01.685Z expo:metro:tsconfig-paths @/screens/PondDetailScreen -> /Users/weerachaipanthueng/Projects/Business/Farm-Project/mobile/src/screens/PondDetailScreen
2026-05-04T12:46:01.685Z expo:metro:tsconfig-paths @/screens/DailyLogScreen -> /Users/weerachaipanthueng/Projects/Business/Farm-Project/mobile/src/screens/DailyLogScreen
2026-05-04T12:46:01.685Z expo:metro:tsconfig-paths @/mock/data -> /Users/weerachaipanthueng/Projects/Business/Farm-Project/mobile/src/mock/data
2026-05-04T12:46:01.685Z expo:metro:tsconfig-paths @/utils/fmt -> /Users/weerachaipanthueng/Projects/Business/Farm-Project/mobile/src/utils/fmt
2026-05-04T12:46:01.686Z expo:metro:tsconfig-paths @/components/layout/ThemedSafeAreaView -> /Users/weerachaipanthueng/Projects/Business/Farm-Project/mobile/src/components/layout/ThemedSafeAreaView
2026-05-04T12:46:01.686Z expo:metro:tsconfig-paths @/screens/FarmPondsScreen -> /Users/weerachaipanthueng/Projects/Business/Farm-Project/mobile/src/screens/FarmPondsScreen
2026-05-04T12:46:01.687Z expo:metro:tsconfig-paths @/components/icons -> /Users/weerachaipanthueng/Projects/Business/Farm-Project/mobile/src/components/icons
2026-05-04T12:46:01.687Z expo:metro:tsconfig-paths @/theme/ThemeProvider -> /Users/weerachaipanthueng/Projects/Business/Farm-Project/mobile/src/theme/ThemeProvider
2026-05-04T12:46:01.687Z expo:metro:tsconfig-paths @/theme/tokens -> /Users/weerachaipanthueng/Projects/Business/Farm-Project/mobile/src/theme/tokens
2026-05-04T12:46:01.687Z expo:metro:tsconfig-paths @/theme/ink -> /Users/weerachaipanthueng/Projects/Business/Farm-Project/mobile/src/theme/ink
2026-05-04T12:46:01.687Z expo:metro:tsconfig-paths @/hooks/useIsTablet -> /Users/weerachaipanthueng/Projects/Business/Farm-Project/mobile/src/hooks/useIsTablet
2026-05-04T12:46:01.687Z expo:metro:tsconfig-paths @/components/layout/TabletLayout -> /Users/weerachaipanthueng/Projects/Business/Farm-Project/mobile/src/components/layout/TabletLayout
2026-05-04T12:46:01.688Z expo:metro:tsconfig-paths @/components/layout/ThemedSafeAreaView -> /Users/weerachaipanthueng/Projects/Business/Farm-Project/mobile/src/components/layout/ThemedSafeAreaView
2026-05-04T12:46:01.692Z expo:metro:tsconfig-paths @/screens/flows/FillFlow -> /Users/weerachaipanthueng/Projects/Business/Farm-Project/mobile/src/screens/flows/FillFlow
2026-05-04T12:46:01.694Z expo:metro:tsconfig-paths @/theme/ThemeProvider -> /Users/weerachaipanthueng/Projects/Business/Farm-Project/mobile/src/theme/ThemeProvider
2026-05-04T12:46:01.694Z expo:metro:tsconfig-paths @/theme/tokens -> /Users/weerachaipanthueng/Projects/Business/Farm-Project/mobile/src/theme/tokens
2026-05-04T12:46:01.694Z expo:metro:tsconfig-paths @/components/ui -> /Users/weerachaipanthueng/Projects/Business/Farm-Project/mobile/src/components/ui
2026-05-04T12:46:01.694Z expo:metro:tsconfig-paths @/components/icons -> /Users/weerachaipanthueng/Projects/Business/Farm-Project/mobile/src/components/icons
2026-05-04T12:46:01.694Z expo:metro:tsconfig-paths @/components/layout/Row -> /Users/weerachaipanthueng/Projects/Business/Farm-Project/mobile/src/components/layout/Row
2026-05-04T12:46:01.694Z expo:metro:tsconfig-paths @/utils/fmt -> /Users/weerachaipanthueng/Projects/Business/Farm-Project/mobile/src/utils/fmt
2026-05-04T12:46:01.694Z expo:metro:tsconfig-paths @/mock/data -> /Users/weerachaipanthueng/Projects/Business/Farm-Project/mobile/src/mock/data
2026-05-04T12:46:01.694Z expo:metro:tsconfig-paths @/api/queries -> /Users/weerachaipanthueng/Projects/Business/Farm-Project/mobile/src/api/queries
2026-05-04T12:46:01.694Z expo:metro:tsconfig-paths @/store/auth -> /Users/weerachaipanthueng/Projects/Business/Farm-Project/mobile/src/store/auth
2026-05-04T12:46:01.695Z expo:metro:tsconfig-paths @/screens/pond-daily-log/PondDailyLogForm -> /Users/weerachaipanthueng/Projects/Business/Farm-Project/mobile/src/screens/pond-daily-log/PondDailyLogForm
2026-05-04T12:46:01.696Z expo:metro:tsconfig-paths @/components/domain/StatusPip -> /Users/weerachaipanthueng/Projects/Business/Farm-Project/mobile/src/components/domain/StatusPip
2026-05-04T12:46:01.696Z expo:metro:tsconfig-paths @/components/domain/FishChips -> /Users/weerachaipanthueng/Projects/Business/Farm-Project/mobile/src/components/domain/FishChips
2026-05-04T12:46:01.697Z expo:metro:tsconfig-paths @/locale/thaiDate -> /Users/weerachaipanthueng/Projects/Business/Farm-Project/mobile/src/locale/thaiDate
2026-05-04T12:46:01.697Z expo:metro:tsconfig-paths @/screens/flows/MoveFlow -> /Users/weerachaipanthueng/Projects/Business/Farm-Project/mobile/src/screens/flows/MoveFlow
2026-05-04T12:46:01.697Z expo:metro:tsconfig-paths @/screens/flows/SellFlow -> /Users/weerachaipanthueng/Projects/Business/Farm-Project/mobile/src/screens/flows/SellFlow
2026-05-04T12:46:01.697Z expo:metro:tsconfig-paths @/components/layout/ThemedSafeAreaView -> /Users/weerachaipanthueng/Projects/Business/Farm-Project/mobile/src/components/layout/ThemedSafeAreaView
2026-05-04T12:46:01.697Z expo:metro:tsconfig-paths @/screens/PondDetailScreen -> /Users/weerachaipanthueng/Projects/Business/Farm-Project/mobile/src/screens/PondDetailScreen
2026-05-04T12:46:01.698Z expo:metro:tsconfig-paths @/components/layout/ThemedSafeAreaView -> /Users/weerachaipanthueng/Projects/Business/Farm-Project/mobile/src/components/layout/ThemedSafeAreaView
2026-05-04T12:46:01.698Z expo:metro:tsconfig-paths @/screens/LoginScreen -> /Users/weerachaipanthueng/Projects/Business/Farm-Project/mobile/src/screens/LoginScreen
2026-05-04T12:46:01.699Z expo:metro:tsconfig-paths @/api/auth -> /Users/weerachaipanthueng/Projects/Business/Farm-Project/mobile/src/api/auth
2026-05-04T12:46:01.700Z expo:metro:tsconfig-paths @/locale/i18n -> /Users/weerachaipanthueng/Projects/Business/Farm-Project/mobile/src/locale/i18n
2026-05-04T12:46:01.702Z expo:metro:tsconfig-paths @/theme/ThemeProvider -> /Users/weerachaipanthueng/Projects/Business/Farm-Project/mobile/src/theme/ThemeProvider
2026-05-04T12:46:01.702Z expo:metro:tsconfig-paths @/theme/useAppFonts -> /Users/weerachaipanthueng/Projects/Business/Farm-Project/mobile/src/theme/useAppFonts
2026-05-04T12:46:01.702Z expo:metro:tsconfig-paths @/store/auth -> /Users/weerachaipanthueng/Projects/Business/Farm-Project/mobile/src/store/auth
2026-05-04T12:46:01.705Z expo:metro:tsconfig-paths @/screens/DailyLogScreen -> /Users/weerachaipanthueng/Projects/Business/Farm-Project/mobile/src/screens/DailyLogScreen
2026-05-04T12:46:01.710Z expo:start:server:metro:multi-platform Skipping production module: ./cjs/react-is.production.min.js
2026-05-04T12:46:01.748Z expo:metro:withMetroResolvers Custom resolver (requestPostRewrites) threw: FailedToResolveNameError. (module: expo-asset, platform: ios, env: undefined, origin: /Users/weerachaipanthueng/Projects/Business/Farm-Project/mobile/node_modules/expo-font/build/FontLoader.js)
2026-05-04T12:46:01.748Z expo:start:server:metro:fallback-resolver Fallback resolution for ios: expo-asset -> from origin: expo
2026-05-04T12:46:01.758Z expo:metro:tsconfig-paths @/theme/ThemeProvider -> /Users/weerachaipanthueng/Projects/Business/Farm-Project/mobile/src/theme/ThemeProvider
2026-05-04T12:46:01.758Z expo:metro:tsconfig-paths @/theme/tokens -> /Users/weerachaipanthueng/Projects/Business/Farm-Project/mobile/src/theme/tokens
2026-05-04T12:46:01.758Z expo:metro:tsconfig-paths @/theme/ink -> /Users/weerachaipanthueng/Projects/Business/Farm-Project/mobile/src/theme/ink
2026-05-04T12:46:01.759Z expo:metro:tsconfig-paths @/components/ui -> /Users/weerachaipanthueng/Projects/Business/Farm-Project/mobile/src/components/ui
2026-05-04T12:46:01.759Z expo:metro:tsconfig-paths @/components/icons -> /Users/weerachaipanthueng/Projects/Business/Farm-Project/mobile/src/components/icons
2026-05-04T12:46:01.759Z expo:metro:tsconfig-paths @/components/layout/Row -> /Users/weerachaipanthueng/Projects/Business/Farm-Project/mobile/src/components/layout/Row
2026-05-04T12:46:01.759Z expo:metro:tsconfig-paths @/locale/thaiDate -> /Users/weerachaipanthueng/Projects/Business/Farm-Project/mobile/src/locale/thaiDate
2026-05-04T12:46:01.759Z expo:metro:tsconfig-paths @/mock/data -> /Users/weerachaipanthueng/Projects/Business/Farm-Project/mobile/src/mock/data
2026-05-04T12:46:01.759Z expo:metro:tsconfig-paths @/data -> /Users/weerachaipanthueng/Projects/Business/Farm-Project/mobile/src/data
